"Dirección","Tipo de contenido","Código de respuesta","Respuesta","Indexabilidad","Estado de indexabilidad","Título 1","Longitud del título 1","Ancho de píxeles del título 1","Meta description 1","Longitud de la meta description 1","Ancho de píxeles de la meta description 1","Meta Keywords 1","Longitud de meta keywords 1","H1-1","Longitud de H1-1","H2-1","Longitud de H2-1","H2-2","Longitud de H2-2","Meta robots 1","X-Robots-Tag 1","Meta Refresh 1","Elemento de enlace canónico 1","rel=""next"" 1","rel=""prev"" 1","HTTP rel=""next"" 1","HTTP rel=""prev"" 1","Elemento de enlace amphtml","Tamaño (bytes)","Transferido (bytes)","Total transferido (bytes)","CO2 (mg)","Clasificación de huella de carbono","Recuento de palabras","Número de oraciones","Media de palabras por oración","Puntuación de facilidad de lectura de Flesch","Lectura","Proporción de texto","Nivel de profundidad","Profundidad de carpeta","Link Score","Enlaces internos","Enlaces internos únicos","Enlaces JS únicos","% del total","Enlaces salientes","Enlaces salientes únicos","Enlaces salientes JS únicos","Enlaces salientes externos","Enlaces salientes externos únicos","Enlaces salientes JS externos únicos","Coincidencia casi duplicada más cercana","Semiduplicados (N.º)","Errores ortográficos","Errores gramaticales","Hash","Tiempo de respuesta","Last Modified","URL de redirección","Tipo de redirección","Cookies","Language","Versión HTTP","Enlace alternativo móvil","Dirección semánticamente similar más cercana","Puntuación de similitud semántica","N.º semánticamente similares","Puntuación de relevancia semántica","Dirección codificada de URL","Marca temporal del rastreo"
"https://fletespro.cl/","text/html;charset=utf-8","200","OK","Indexable","","Fletes y Mudanzas | Cotización Online | RM y Regiones | FletesPro | FletesPro","77","677","Fletes y mudanzas en la RM y a regiones. Cotización online y servicio 24/7. Para la capital hay página dedicada. WhatsApp +56979796841","134","857","fletes y mudanzas, mudanzas y fletes, fletes región metropolitana, fletes a regiones, cotizar flete, transporte de carga Chile, mudanzas Santiago, mudanzas RM, fletes baratos, mudanzas económicas, calculadora flete, presupuesto mudanza, servicio de fletes, empresa de mudanzas","276","Fletes Santiago: económicos, rápidos y seguros desde $27.000","60","Cómo cotizar tu flete o mudanza – Calculadora para saber el precio","66","Calculadora de cotización (flete o mudanza)","43","index, follow","","","https://fletespro.cl/","","","","","","143870","29255","29255","11,207","","2088","392","5,327","32,067","Difícil","12,786","0","0","","364","111","0","94,870","192","99","0","4","3","0","","","","","31c2592454a29e5a497c2843cdb8f5f7","0,204","Mon, 27 Apr 2026 18:15:46 GMT","","","","es-CL","1.1","","","","","","https://fletespro.cl/","2026-05-12 20:43:44"
"https://fletespro.cl/login","","0","Bloqueado por robots.txt","No indexable","Bloqueado por robots.txt","","0","0","","0","0","","0","","0","","0","","0","","","","","","","","","","0","0","0","0,000","","0","","","","","0,000","1","0","","111","111","0","94,870","0","0","0","0","0","0","","","","","","","","","","","","None","","","","","","https://fletespro.cl/login","2026-05-12 20:43:45"
"https://fletespro.cl/fletes-quilicura","text/html;charset=utf-8","200","OK","Indexable","","Fletes Quilicura | Fletes baratos y económicos Quilicura | FletesPro | FletesPro","80","686","Fletes en Quilicura. Fletes baratos y económicos Quilicura. Flete Puente Alto a Quilicura, Quilicura a Manquehue, Chicureo, Macul, Maipú. Camión 6 metros. Servicio de flete Quilicura. Cotiza online. Presupuesto gratis. WhatsApp +56 9 7979 6841.","244","1517","fletes quilicura, fletes economicos quilicura, fletes baratos quilicura, flete puente alto a quilicura, flete quilicura a manquehue, flete chicureo a quilicura, camion 6 metros quilicura, servicio de flete quilicura, fletes pequeños quilicura","242","Fletes en Quilicura","19","Precios de fletes en Quilicura","30","Rutas de fletes desde y hacia Quilicura","39","index, follow","","","https://fletespro.cl/fletes-quilicura","","","","","","78734","16978","16978","6,504","","940","171","5,497","38,535","Difícil","13,454","1","0","","224","111","0","94,870","175","94","0","3","3","0","","","","","31aab88698bb1184576db2bb5a47ad5c","0,659","Mon, 27 Apr 2026 18:15:49 GMT","","","","es-CL","1.1","","","","","","https://fletespro.cl/fletes-quilicura","2026-05-12 20:43:45"
"https://fletespro.cl/terminos","text/html;charset=utf-8","404","Page not found: /terminos","No indexable","Error de cliente","","0","0","","0","0","","0","","0","","0","","0","","","","","","","","","","0","0","0","0,000","","0","","","","","0,000","1","0","","111","111","0","94,870","0","0","0","0","0","0","","","","","","0,882","","","","","","1.1","","","","","","https://fletespro.cl/terminos","2026-05-12 20:43:45"
"https://fletespro.cl/mudanzas-nunoa","text/html;charset=utf-8","200","OK","Indexable","","Mudanzas Ñuñoa | Mudanzas en Ñuñoa | FletesPro","46","451","Mudanzas en Ñuñoa. Cotiza online. Presupuesto gratis. Salvoconducto, ayudantes. Cobertura oriente Santiago. WhatsApp +56 9 7979 6841.","133","872","mudanzas Ñuñoa, mudanzas en Ñuñoa, empresa mudanzas Ñuñoa, servicio mudanzas Ñuñoa, fletes Ñuñoa","96","Mudanzas en Ñuñoa","17","Precios de mudanzas en Ñuñoa","28","Rutas que cubrimos desde Ñuñoa","30","index, follow","","","https://fletespro.cl/mudanzas-nunoa","","","","","","74975","16235","16235","6,219","","441","114","3,868","28,337","Muy difícil","10,207","1","0","","117","111","0","94,870","175","94","0","3","3","0","","","","","d4f64f1e94139f0b59a0f9f65c928b5c","0,939","Mon, 27 Apr 2026 18:16:00 GMT","","","","es-CL","1.1","","","","","","https://fletespro.cl/mudanzas-nunoa","2026-05-12 20:43:45"
"https://fletespro.cl/fletes-huechuraba","text/html;charset=utf-8","200","OK","Indexable","","Fletes Huechuraba | Flete camión pluma y mudanzas | Cotiza | FletesPro | FletesPro","82","735","Fletes en Huechuraba. Flete camión pluma Huechuraba para cargas pesadas y grúa. Fletes y mudanzas en Huechuraba y toda la RM. Precios desde $27.000. Cotiza por WhatsApp.","169","1113","fletes huechuraba, flete camion pluma huechuraba","48","Fletes en Huechuraba","20","Precios de fletes en Huechuraba","31","Rutas desde y hacia Huechuraba","30","index, follow","","","https://fletespro.cl/fletes-huechuraba","","","","","","77631","16779","16779","6,428","","755","146","5,171","32,946","Difícil","12,384","1","0","","224","111","0","94,870","175","94","0","3","3","0","","","","","12f3afb5ef841c668509650d2c29b8e6","0,983","Mon, 27 Apr 2026 18:15:45 GMT","","","","es-CL","1.1","","","","","","https://fletespro.cl/fletes-huechuraba","2026-05-12 20:43:45"
"https://fletespro.cl/fletes-buin","text/html;charset=utf-8","200","OK","Indexable","","Fletes Buin | Fletes y mudanzas Buin-Santiago | Precios | FletesPro | FletesPro","79","685","Fletes en Buin y fletes Buin Santiago. Fletes baratos y económicos, camión y rampla. Rutas Buin-Santiago, El Bosque-Buin, Buin-Chillán, El Quisco. Cotiza online. Presupuesto gratis.","181","1115","fletes buin, cuanto cuesta un flete de el bosque a buin, flete a buin chillan, flete camion buin, flete de buin a el quisco valor, flete de buin a santiago, flete de camiones con rampla en buin, flete de combustible buin, flete de combustible copec buin, flete en buin, fletes baratos buin, fletes buin santiago, fletes economicos en buin, fletes en buin economicas, fletes mudanzas buin santiago, fletes santiago buin, fletes y mudanzas en buin, servicio de fletes buin, valor del flete desde plaza sur hasta buin, valor del flete desde plaza sur asta buin","557","Fletes en Buin","14","Precios y valor del flete a Buin","32","Rutas desde y hacia Buin","24","index, follow","","","https://fletespro.cl/fletes-buin","","","","","","79759","17341","17341","6,643","","898","161","5,578","52,417","Bastante difícil","12,636","1","0","","224","111","0","94,870","175","94","0","3","3","0","","","","","439cb6bc113578d64b330bcef526085b","0,989","Mon, 27 Apr 2026 18:15:52 GMT","","","","es-CL","1.1","","","","","","https://fletespro.cl/fletes-buin","2026-05-12 20:43:45"
"https://fletespro.cl/blog/cuando-se-pierde-la-cadena-de-frio","text/html;charset=utf-8","200","OK","No indexable","Canonicalizada","Cuándo se pierde la cadena de frío: criterios y consecuencias | Blog FletesPro | FletesPro","90","781","¿Cuándo se pierde la cadena de frío? Te explicamos los criterios, las situaciones típicas, las consecuencias y cómo evitarlo en el transporte refrigerado.","154","935","fletes, mudanzas, Santiago, regiones Chile, fletes baratos, blog fletes","71","Cuándo se pierde la cadena de frío: criterios y consecuencias","61","Tabla de contenidos","19","¿Cuándo se pierde la cadena de frío?","36","index, follow","","","https://fletespro.clundefined/","","","","","","73174","18987","18987","7,274","","1608","219","7,342","40,810","Difícil","20,447","1","1","","37","10","0","8,550","225","103","0","2","2","0","","","","","fde844f51887c72f774ce3804b11cc08","0,214","Mon, 27 Apr 2026 18:16:17 GMT","","","","es-CL","1.1","","","","","","https://fletespro.cl/blog/cuando-se-pierde-la-cadena-de-frio","2026-05-12 20:43:46"
"https://fletespro.cl/fletes-lo-espejo","text/html;charset=utf-8","200","OK","Indexable","","Fletes Lo Espejo | Fletes económicos | Valor flete a Peñaflor | FletesPro | FletesPro","85","723","Fletes en Lo Espejo. Fletes económicos Lo Espejo. Valor flete Lo Espejo a Peñaflor. Fletes y mudanzas zona sur RM. Cotiza online. Presupuesto gratis. WhatsApp +56 9 7979 6841.","175","1113","fletes economicos lo espejo, valor flete lo espejo a peñaflor, fletes lo espejo, fletes en lo espejo, fletes y mudanzas lo espejo","129","Fletes en Lo Espejo","19","Precios de fletes en Lo Espejo","30","Rutas desde y hacia Lo Espejo","29","index, follow","","","https://fletespro.cl/fletes-lo-espejo","","","","","","77205","16708","16708","6,401","","852","150","5,680","41,402","Difícil","12,668","1","0","","224","111","0","94,870","175","94","0","3","3","0","","","","","23c0dd735d588110f05eecbd02628775","0,423","Mon, 27 Apr 2026 18:15:49 GMT","","","","es-CL","1.1","","","","","","https://fletespro.cl/fletes-lo-espejo","2026-05-12 20:43:46"
"https://fletespro.cl/mudanzas-providencia","text/html;charset=utf-8","200","OK","Indexable","","Mudanzas Providencia | Mudanzas en Providencia | FletesPro","58","543","Mudanzas en Providencia. Cotiza online. Presupuesto gratis. Salvoconducto, ayudantes. Zona oriente Santiago. WhatsApp +56 9 7979 6841.","134","873","mudanzas Providencia, mudanzas en Providencia, mudanzas Providencia precios, fletes Providencia, mudanzas zona oriente Santiago","127","Mudanzas en Providencia","23","Precios de mudanzas en Providencia","34","Rutas que cubrimos desde Providencia","36","index, follow","","","https://fletespro.cl/mudanzas-providencia","","","","","","75171","16241","16241","6,222","","443","114","3,886","18,031","Muy difícil","10,338","1","0","","117","111","0","94,870","175","94","0","3","3","0","","","","","1160d3959363eb4b643256e7fbb205c","0,446","Mon, 27 Apr 2026 18:16:01 GMT","","","","es-CL","1.1","","","","","","https://fletespro.cl/mudanzas-providencia","2026-05-12 20:43:46"
"https://fletespro.cl/fletes-paine","text/html;charset=utf-8","200","OK","Indexable","","Fletes Paine | Flete Santiago a Paine | Camiones y camión pluma | FletesPro | FletesPro","87","765","Fletes en Paine. Flete de Santiago a Paine, fletes Santiago Paine. Cuánto cuesta un flete de Santiago a Paine. Camiones para fletes Paine, flete camión pluma Paine. Flete Paine a Puente Alto. Cotiza gratis.","206","1259","fletes paine, camiones para fletes paine, cuanto cuesta un flete de santiago a paine, flete bins en paine, flete camion pluma paine, flete de santiago a paine, flete maipu paine, flete paine, flete paine chile, fletes santiago paine, que valor tiene un flete de paine a puente alto","281","Fletes en Paine","15","Precios de fletes en Paine","26","Rutas desde y hacia Paine","25","index, follow","","","https://fletespro.cl/fletes-paine","","","","","","80166","17436","17436","6,679","","1094","188","5,819","58,794","Bastante difícil","13,949","1","0","","224","111","0","94,870","175","94","0","3","3","0","","","","","92664cf3642ce9e885e39a8f41020b2d","0,686","Mon, 27 Apr 2026 18:15:52 GMT","","","","es-CL","1.1","","","","","","https://fletespro.cl/fletes-paine","2026-05-12 20:43:46"
"https://fletespro.cl/_nuxt/entry.ChHNAIEs.css","text/css; charset=utf-8","200","OK","Indexable","","","0","0","","0","0","","0","","0","","0","","0","","","","","","","","","","80875","80875","80875","30,982","","0","","","","","0,000","1","1","","0","0","0","0,000","0","0","0","0","0","0","","","","","","0,116","Mon, 27 Apr 2026 18:16:30 GMT","","","","","1.1","","","","","","https://fletespro.cl/_nuxt/entry.ChHNAIEs.css","2026-05-12 20:43:47"
"https://fletespro.cl/fletes-la-florida","text/html;charset=utf-8","200","OK","Indexable","","Fletes La Florida | Fletes baratos y económicos | Camión 3/4 | FletesPro | FletesPro","84","729","Fletes en La Florida Chile. Fletes baratos y económicos La Florida. Camión 3/4 y camioneta fletes La Florida. Flete desde Maipú a La Florida, fletes La Florida Macul, fletes urgentes. Cotiza gratis.","198","1197","fletes la florida, fletes economicos la florida, fletes baratos la florida, fletes y mudanzas la florida, camion 3 4 flete la florida, camion fletes la florida, camioneta fletes la florida, flete camion 3 4 cerrado la florida, flete desde maipu a la florida, flete economico la florida, flete santiago la florida, flete urgencia desde la florida, flete y carga corta distancia la florida, fletes de puente alto a la florida, fletes desde las condes a la florida, fletes en la comuna de la florida, fletes en la florida chile, fletes la florida macul, fletes la florida santiago, fletes mudanzas la florida, fletes urgentes la florida, valor de flete desde maipu hasta la florida, yapo fletes la florida","702","Fletes en La Florida","20","Precios de fletes en La Florida","31","Rutas desde y hacia La Florida","30","index, follow","","","https://fletespro.cl/fletes-la-florida","","","","","","81714","17788","17788","6,814","","1093","188","5,814","41,022","Difícil","13,879","1","0","","224","111","0","94,870","176","94","0","3","3","0","","","","","64ba259b60f62c875253215a27af3d6c","0,123","Mon, 27 Apr 2026 18:15:45 GMT","","","","es-CL","1.1","","","","","","https://fletespro.cl/fletes-la-florida","2026-05-12 20:43:47"
"https://fletespro.cl/fletes-san-miguel","text/html;charset=utf-8","200","OK","Indexable","","Fletes San Miguel | Fletes económicos San Miguel Santiago | FletesPro | FletesPro","81","723","Fletes en San Miguel. Fletes económicos San Miguel. Flete Renca a San Miguel, Providencia a San Miguel. Servicios fletes y mudanzas San Miguel. Cotiza online. Presupuesto gratis. WhatsApp +56 9 7979 6841.","204","1301","fletes san miguel, fletes san miguel santiago, fletes economicos san miguel, fletes y mudanzas san miguel, flete de renca a san miguel, flete providencia a san miguel, servicios de fletes y mudanzas en san miguel","212","Fletes en San Miguel","20","Precios de fletes en San Miguel","31","Rutas de fletes desde y hacia San Miguel","40","index, follow","","","https://fletespro.cl/fletes-san-miguel","","","","","","77941","16777","16777","6,427","","816","153","5,333","50,572","Bastante difícil","12,290","1","0","","224","111","0","94,870","176","94","0","3","3","0","","","","","f80302827f01d7df4e4f9bc3c0ef8681","0,258","Mon, 27 Apr 2026 18:15:49 GMT","","","","es-CL","1.1","","","","","","https://fletespro.cl/fletes-san-miguel","2026-05-12 20:43:47"
"https://fletespro.cl/fletes-santiago","text/html;charset=utf-8","200","OK","Indexable","","Fletes Santiago desde $27.000 | Precios y Cotización Online | FletesPro | FletesPro","83","727","Fletes Santiago económicos desde $27.000. Fletes Santiago centro, fletes baratos Santiago, fletes Santiago a regiones. Cotización online, calculadora de precios. Servicio 24/7. WhatsApp +56979796841.","199","1261","fletes santiago, flete santiago, fletes santiago centro, fletes baratos santiago, fletes económicos santiago, fletes santiago precios, valor flete santiago, fletes santiago chile, fletes santiago centro 24 horas, fletes express santiago, servicio de fletes en santiago, servicio de fletes santiago, mini fletes santiago, flete pequeño santiago, fletes y mudanzas santiago, fletes dentro de santiago, fletes fuera de santiago, fletes santiago a regiones, fletes dentro y fuera de santiago, fletes baratos santiago centro, fletes baratos en santiago centro, fletes económicos en santiago, fletes economicos santiago centro, fletes en santiago de chile, fletes pequeños santiago, fletes pequeños santiago centro, fletes pequeño santiago, flete mudanza santiago, flete camion 3 4 santiago, flete camioneta santiago, fletes camion 3 4 santiago, camion de fletes en santiago, camion de fletes santiago, camion flete 3 4 santiago centro, camioneta para flete santiago, camioneta para fletes santiago, camioneta flete santiago, camioneta en santiago fletes baratos, camioneta para flete barato santiago, camionetas fletes en santiago, camion plano fletes santiago, camion santiago flete, fletes camiones pequeños en santiago, fletes camiones santiago regiones, calcula valor flete santiago, calcular fletes en santiago, presupuesto flete santiago, presupuesto de fletes santiago, tarifa fletes santiago, tarifas de flete dentro de santiago chile, precio fletes dentro de santiago, aplicacion de fletes santiago, fletes santiago app, empresa de flete santiago, empresa de fletes santiago, empresas de fletes en santiago, flete a domicilio en santiago de chile, flete santiago economico, fletes comuna de santiago, fletes baratos santiago chile, fletes en santiago centro economico, fletes en santiago mudanzas, fletes en camioneta en santiago, fletes pequeños dentro de santiago, fletes pequeños santiago economicos, mini flete en santiago, mini fletes santiago centro, mini fletes santiago chile, arriendo de fletes santiago, cuanto cuesta un flete de santiago a temuco, cuanto sale un flete de santiago a la serena, flete santiago temuco, flete santiago valparaiso, flete santiago la serena, flete santiago concepcion, flete santiago puerto montt, valor flete santiago talca, valor flete santiago concepcion, fletes santiago las condes, fletes recoleta santiago, cotizar fletes santiago, fletes para fuera de santiago, fletes economicos fuera de santiago, costo flete santiago concepcion, costo flete santiago temuco, cuanto sale un flete dentro de santiago, cuanto sale un flete en santiago, flete de santiago a viña del mar, fletes santiago a iquique, valor flete santiago viña del mar, fletes santiago centro baratos, contacto de fletes santiago, camion para flete santiago centro, fletes región metropolitana, fletes de santiago a regiones, fletes de santiago a temuco, fletes de santiago a concepcion, fletes economicos santiago la serena, fletes economicos santiago puerto montt, fletes económicos en santiago centro","3015","Fletes Santiago: económicos, rápidos y seguros desde $27.000","60","Precio fletes Santiago","22","Precios de Fletes en Santiago 2026 – Tarifas actualizadas","57","index, follow","","","https://fletespro.cl/fletes-santiago","","","","","","114421","26543","26543","10,168","","3272","579","5,651","33,631","Difícil","22,166","1","0","","231","111","0","94,870","183","94","0","3","3","0","","","","","c8ac15d5687c4cc67e45e1ff35d8bf2f","0,109","Mon, 27 Apr 2026 18:15:45 GMT","","","","es-CL","1.1","","","","","","https://fletespro.cl/fletes-santiago","2026-05-12 20:43:47"
"https://fletespro.cl/fletes-maria-pinto","text/html;charset=utf-8","200","OK","Indexable","","Fletes María Pinto | Fletes y mudanzas | FletesPro | FletesPro","62","537","Fletes en María Pinto. Fletes y mudanzas en la Región Metropolitana. Cotiza online. Presupuesto gratis. WhatsApp +56 9 7979 6841.","129","823","fletes María Pinto, fletes y mudanzas María Pinto, flete María Pinto, fletes baratos María Pinto, fletes económicos María Pinto","127","Fletes en María Pinto","21","¿Por qué elegir FletesPro para fletes en María Pinto?","53","Opiniones de Nuestros Clientes","30","index, follow","","","https://fletespro.cl/fletes-maria-pinto","","","","","","67946","14701","14701","5,632","","287","77","3,727","40,632","Difícil","9,643","1","0","","224","111","0","94,870","175","94","0","3","3","0","","","","","e1ca7a93ff7736b43a576f80d8109c67","0,494","Mon, 27 Apr 2026 18:15:52 GMT","","","","es-CL","1.1","","","","","","https://fletespro.cl/fletes-maria-pinto","2026-05-12 20:43:47"
"https://fletespro.cl/fletes-estacion-central","text/html;charset=utf-8","200","OK","Indexable","","Fletes Estación Central | Fletes baratos y mudanzas | Camiones chicos | FletesPro | FletesPro","93","819","Fletes en Estación Central. Fletes baratos y económicos Estación Central. Camiones chicos para fletes, fletes de carga, fletes express y mudanzas. Flete desde Providencia o La Cisterna a Estación Central. Cotiza gratis.","219","1350","fletes estacion central, camiones chicos para fletes en estación central, flete de providencia a estacion central, flete la cisterna a estacion central, fletes de carga estacion central, fletes economicos estacion central, fletes estacion central baratos, fletes express estacion central, fletes mudanzas estacion central, fletes santiago estacion central, fletes sodimac estacion central, valor de un flete desde estacion central a ñuñoa","438","Fletes en Estación Central","26","Precios de fletes en Estación Central","37","Rutas desde y hacia Estación Central","36","index, follow","","","https://fletespro.cl/fletes-estacion-central","","","","","","80771","17263","17263","6,613","","893","162","5,512","34,029","Difícil","13,126","1","0","","224","111","0","94,870","176","94","0","3","3","0","","","","","2176bc36981b76d84a53e7f4100719d9","0,472","Mon, 27 Apr 2026 18:15:45 GMT","","","","es-CL","1.1","","","","","","https://fletespro.cl/fletes-estacion-central","2026-05-12 20:43:47"
"https://fletespro.cl/fletes-conchali","text/html;charset=utf-8","200","OK","Indexable","","Fletes Conchalí | Fletes camiones 3/4 | Precios | FletesPro | FletesPro","71","609","Fletes en Conchalí. Fletes económicos Conchalí, fletes camiones tres cuartos en Conchalí. Rutas Lo Valledor, La Granja, Colina. Cotiza online. Presupuesto gratis.","162","1000","fletes conchali, cuanto cuesta un flete desde lo valledor a conchali, cuanto sale un flete de conchali a colina, fletes camiones tres cuartos en conchali, fletes economicos conchali, fletes en comuna de conchali, fletes para conchali, precio flete conchali a colina, valor de flete desde la granja a conchali","308","Fletes en Conchalí","18","Precios de fletes en Conchalí","29","Rutas desde y hacia Conchalí","28","index, follow","","","https://fletespro.cl/fletes-conchali","","","","","","77759","16601","16601","6,360","","744","140","5,314","49,866","Difícil","12,032","1","0","","224","111","0","94,870","175","94","0","3","3","0","","","","","5252d15a4afc77a6675bc8082da2df86","0,555","Mon, 27 Apr 2026 18:15:45 GMT","","","","es-CL","1.1","","","","","","https://fletespro.cl/fletes-conchali","2026-05-12 20:43:47"
"https://fletespro.cl/fletes-lampa","text/html;charset=utf-8","200","OK","Indexable","","Fletes Lampa | Flete camión 3/4 y camioneta | Fletes económicos | FletesPro | FletesPro","87","775","Fletes en Lampa. Flete camión 3/4 a Lampa, fletes en camioneta Lampa. Flete de Lo Prado a Lampa, flete Melipilla Lampa, fletes económicos Lampa. Fletes y mudanzas en Lampa. Cotiza gratis.","187","1191","fletes lampa, flete camion 3 4 a lampa, flete camion 3 4 abierto lampa, flete de lampa, flete de lo prado a lampa, flete de melipilla a lampa, flete lampa, flete melipilla lampa, fletes a lampa, fletes de peñalolen a lampa, fletes economicos lampa, fletes en camioneta lampa, fletes y mudanzas en lampa","302","Fletes en Lampa","15","Precios de fletes en Lampa","26","Rutas desde y hacia Lampa","25","index, follow","","","https://fletespro.cl/fletes-lampa","","","","","","79723","17183","17183","6,582","","999","170","5,876","51,741","Bastante difícil","13,302","1","0","","224","111","0","94,870","175","94","0","3","3","0","","","","","2f6275f62d2b60cfee1af4651f59743e","1,115","Mon, 27 Apr 2026 18:15:52 GMT","","","","es-CL","1.1","","","","","","https://fletespro.cl/fletes-lampa","2026-05-12 20:43:46"
"https://fletespro.cl/bodegaje/vitacura","text/html;charset=utf-8","200","OK","No indexable","Canonicalizada","Bodegaje y Arriendo de Bodegas en Santiago | FletesPro | FletesPro","66","595","Bodegaje y arriendo de bodegas en Santiago y Región Metropolitana. Tarifa base desde $6.500 CLP por m³ al mes. Espacios climatizados, vigilados 24h. Recogida a domicilio. Acceso online. Calculadora de bodegaje. Presupuesto gratis sin compromiso.","245","1565","bodegaje Santiago, arriendo bodega Santiago, bodegaje Región Metropolitana, guardar muebles Santiago, arriendo bodega guardar cosas, mini bodegas Santiago, bodegaje precios, precio bodegaje mes, almacenamiento Santiago, bodegas particulares, bodegas empresas, bodegaje con mudanza, self storage Santiago, espacios almacenamiento Región Metropolitana","349","Bodegaje y Arriendo de Bodegas en Santiago","42","Calculadora de Bodegaje","23","Servicio de Recogida a Domicilio","32","index, follow","","","https://fletespro.cl/bodegaje","","","","","","114978","21148","21148","8,101","","1009","259","3,896","23,200","Muy difícil","10,172","1","1","","225","111","0","94,870","176","94","0","2","2","0","","","","","7b319c0ce07fa4cd33a12aaf47bf624a","0,126","Mon, 27 Apr 2026 18:15:55 GMT","","","","es-CL","1.1","","","","","","https://fletespro.cl/bodegaje/vitacura","2026-05-12 20:43:47"
"https://fletespro.cl/privacidad","text/html;charset=utf-8","404","Page not found: /privacidad","No indexable","Error de cliente","","0","0","","0","0","","0","","0","","0","","0","","","","","","","","","","0","0","0","0,000","","0","","","","","0,000","1","0","","111","111","0","94,870","0","0","0","0","0","0","","","","","","0,343","","","","","","1.1","","","","","","https://fletespro.cl/privacidad","2026-05-12 20:43:47"
"https://fletespro.cl/mudanzas/obras-arte","text/html;charset=utf-8","404","Page not found: /mudanzas/obras-arte","No indexable","Error de cliente","","0","0","","0","0","","0","","0","","0","","0","","","","","","","","","","0","0","0","0,000","","0","","","","","0,000","1","1","","111","111","0","94,870","0","0","0","0","0","0","","","","","","0,302","","","","","","1.1","","","","","","https://fletespro.cl/mudanzas/obras-arte","2026-05-12 20:43:47"
"https://fletespro.cl/fletes-el-monte","text/html;charset=utf-8","200","OK","Indexable","","Fletes El Monte | Fletes y mudanzas | FletesPro | FletesPro","59","513","Fletes en El Monte. Fletes y mudanzas en la Región Metropolitana. Cotiza online. Presupuesto gratis. WhatsApp +56 9 7979 6841.","126","807","fletes El Monte, fletes y mudanzas El Monte, flete El Monte, fletes baratos El Monte, fletes económicos El Monte","112","Fletes en El Monte","18","¿Por qué elegir FletesPro para fletes en El Monte?","50","Opiniones de Nuestros Clientes","30","index, follow","","","https://fletespro.cl/fletes-el-monte","","","","","","67824","14671","14671","5,620","","287","77","3,727","46,822","Difícil","9,585","1","0","","224","111","0","94,870","175","94","0","3","3","0","","","","","5ad62346dc3490a249e1af3df4f7b56e","0,456","Mon, 27 Apr 2026 18:15:53 GMT","","","","es-CL","1.1","","","","","","https://fletespro.cl/fletes-el-monte","2026-05-12 20:43:47"
"https://fletespro.cl/fletes-en-nunoa","text/html;charset=utf-8","200","OK","Indexable","","Fletes Ñuñoa | Fletes económicos y baratos | Fletes y mudanzas | FletesPro | FletesPro","86","762","Fletes en Ñuñoa. Fletes económicos Ñuñoa y fletes baratos Ñuñoa. Flete de Ñuñoa a Santiago, flete en Ñuñoa, fletes y mudanzas Ñuñoa. Camionetas y camión 3/4. Cotiza gratis.","172","1101","fletes ñuñoa, fletes economicos ñuñoa, fletes baratos ñuñoa, fletes y mudanzas ñuñoa, flete de ñuñoa a santiago, flete en ñuñoa, flete maipu a ñuñoa, flete providencia a ñuñoa, fletes baratos en ñuñoa, fletes camionetas ñuñoa, fletes dentro de ñuñoa, fletes desde ñuñoa, fletes santiago ñuñoa, fletes ñuñoa la reina, fletes ñuñoa macul, flete mudanza ñuñoa, fletes de camion cerrado 3 4 en ñuñoa, fletes pequeños ñuñoa, valor fletes santiago ñuñoa, valor flete estacion central a ñuñoa, fletes vega central a ñuñoa, servicio flete ñuñoa, yapo fletes ñuñoa","555","Fletes en Ñuñoa","15","Precios de fletes en Ñuñoa","26","Rutas desde y hacia Ñuñoa","25","index, follow","","","https://fletespro.cl/fletes-en-nunoa","","","","","","84599","18412","18412","7,053","","1273","220","5,786","44,588","Difícil","14,759","1","0","","224","111","0","94,870","176","94","0","3","3","0","","","","","d22f58c2974481811e0f4b301b6f432e","0,431","Mon, 27 Apr 2026 18:15:49 GMT","","","","es-CL","1.1","","","","","","https://fletespro.cl/fletes-en-nunoa","2026-05-12 20:43:48"
"https://fletespro.cl/bodegaje","text/html;charset=utf-8","200","OK","Indexable","","Bodegaje y Arriendo de Bodegas en Santiago | FletesPro | FletesPro","66","595","Bodegaje y arriendo de bodegas en Santiago y Región Metropolitana. Tarifa base desde $6.500 CLP por m³ al mes. Espacios climatizados, vigilados 24h. Recogida a domicilio. Acceso online. Calculadora de bodegaje. Presupuesto gratis sin compromiso.","245","1565","bodegaje Santiago, arriendo bodega Santiago, bodegaje Región Metropolitana, guardar muebles Santiago, arriendo bodega guardar cosas, mini bodegas Santiago, bodegaje precios, precio bodegaje mes, almacenamiento Santiago, bodegas particulares, bodegas empresas, bodegaje con mudanza, self storage Santiago, espacios almacenamiento Región Metropolitana","349","Bodegaje y Arriendo de Bodegas en Santiago","42","Calculadora de Bodegaje","23","Servicio de Recogida a Domicilio","32","index, follow","","","https://fletespro.cl/bodegaje","","","","","","114605","21090","21090","8,079","","1009","259","3,896","23,200","Muy difícil","10,197","1","0","","456","111","0","94,870","175","94","0","2","2","0","","","","","d699490b599673c44081107b2e58f917","0,481","Mon, 27 Apr 2026 18:15:57 GMT","","","","es-CL","1.1","","","","","","https://fletespro.cl/bodegaje","2026-05-12 20:43:47"
"https://fletespro.cl/mudanzas/empresas","text/html; charset=utf-8","200","OK","No indexable","Redirigido","","0","0","","0","0","","0","","0","","0","","0","","","0; url=/mudanzas-santiago","","","","","","","104","111","111","0,043","","0","","","","","0,000","1","1","","111","111","0","94,870","0","0","0","0","0","0","","","","","8608d8e05ad2f2da1b29972d75155623","0,436","Mon, 27 Apr 2026 18:16:02 GMT","https://fletespro.cl/mudanzas-santiago","Redirección meta refresh","","","1.1","","","","","","https://fletespro.cl/mudanzas/empresas","2026-05-12 20:43:48"
"https://fletespro.cl/_ipx/f_webp&s_36x36/logo-portespro.png","image/webp","200","OK","Indexable","","","0","0","","0","0","","0","","0","","0","","0","","","","","","","","","","944","944","944","0,362","","0","","","","","0,000","1","2","","0","0","0","0,000","0","0","0","0","0","0","","","","","","0,157","Mon, 27 Apr 2026 18:16:06 GMT","","","","","1.1","","","","","","https://fletespro.cl/_ipx/f_webp&s_36x36/logo-portespro.png","2026-05-12 20:43:48"
"https://fletespro.cl/bodegaje/maipu","text/html;charset=utf-8","200","OK","No indexable","Canonicalizada","Bodegaje y Arriendo de Bodegas en Santiago | FletesPro | FletesPro","66","595","Bodegaje y arriendo de bodegas en Santiago y Región Metropolitana. Tarifa base desde $6.500 CLP por m³ al mes. Espacios climatizados, vigilados 24h. Recogida a domicilio. Acceso online. Calculadora de bodegaje. Presupuesto gratis sin compromiso.","245","1565","bodegaje Santiago, arriendo bodega Santiago, bodegaje Región Metropolitana, guardar muebles Santiago, arriendo bodega guardar cosas, mini bodegas Santiago, bodegaje precios, precio bodegaje mes, almacenamiento Santiago, bodegas particulares, bodegas empresas, bodegaje con mudanza, self storage Santiago, espacios almacenamiento Región Metropolitana","349","Bodegaje y Arriendo de Bodegas en Santiago","42","Calculadora de Bodegaje","23","Servicio de Recogida a Domicilio","32","index, follow","","","https://fletespro.cl/bodegaje","","","","","","114966","21159","21159","8,106","","1009","259","3,896","23,200","Muy difícil","10,170","1","1","","225","111","0","94,870","176","94","0","2","2","0","","","","","f8df1ac60631c8f8d654b237683e08ab","0,125","Mon, 27 Apr 2026 18:15:55 GMT","","","","es-CL","1.1","","","","","","https://fletespro.cl/bodegaje/maipu","2026-05-12 20:43:48"
"https://fletespro.cl/mudanzas/oficinas","text/html; charset=utf-8","200","OK","No indexable","Redirigido","","0","0","","0","0","","0","","0","","0","","0","","","0; url=/mudanzas-santiago","","","","","","","104","111","111","0,043","","0","","","","","0,000","1","1","","111","111","0","94,870","0","0","0","0","0","0","","","","","8608d8e05ad2f2da1b29972d75155623","0,154","Mon, 27 Apr 2026 18:16:02 GMT","https://fletespro.cl/mudanzas-santiago","Redirección meta refresh","","","1.1","","","","","","https://fletespro.cl/mudanzas/oficinas","2026-05-12 20:43:48"
"https://fletespro.cl/ultima-milla","text/html;charset=utf-8","200","OK","Indexable","","Envíos para Ecommerce y Tiendas Online | FletesPro","50","463","Última milla Chile: logística de última milla y servicio de última milla en Santiago y Región Metropolitana. Envíos para ecommerce, envios ecommerce Chile y envios para tiendas online. Tiendas online con envío gratis y paquetería ecommerce. Empresas de transporte ecommerce y proveedor de última milla. Tarifas envíos ecommerce competitivas. Presupuesto gratis.","361","2270","ultima milla, ultima milla chile, última milla, ultima milla logistica, logistica de ultima milla, última milla logística, servicio de ultima milla, transporte ultima milla, transporte de ultima milla, envios para tiendas online, envios para ecommerce, envios ecommerce, envios ecommerce chile, envio ecommerce, transporte ecommerce, paqueteria ecommerce, empresas de envio para ecommerce, tarifas envíos ecommerce, tarifa plana envios ecommerce, envios ecommerce baratos, envios baratos para ecommerce, envios baratos para tienda online, transporte para ecommerce, paqueteria para ecommerce, logistica ultima milla, empresas de envios para tiendas online, empresas de transporte ecommerce, logistica de ultima milla, la ultima milla, que es ultima milla, concepto ultima milla, reparto ultima milla, reparto de ultima milla, empresas de ultima milla, empresas ultima milla, paqueteria ultima milla, envios internacionales ecommerce, servicio envio ecommerce, mensajeria ecommerce, proveedor de ultima milla, envios para mi tienda online, tiendas online con envio gratis, tiendas online envio, envio productos tienda online santiago chile, politicas de envio tienda online, como hacer los envios de mi tienda online, envios de tienda online, plataforma de envios para ecommerce, precios envios ecommerce, entregas ultima milla, logística de última milla, paqueteria para tiendas online, ultima milla en logistica, concepto de ultima milla, distribucion de ultima milla, soluciones logisticas para ecommerce, ultima milla definicion, ultima milla que es","1552","Última Milla","12","Calculadora de Última Milla","27","Última Milla por Sector","23","index, follow","","","https://fletespro.cl/ultima-milla","","","","","","131319","23956","23956","9,177","","1252","270","4,637","24,685","Muy difícil","10,036","1","0","","557","111","0","94,870","175","94","0","2","2","0","","","","","dfa11365c3ecabf43fdcf48588c83539","0,237","Mon, 27 Apr 2026 18:16:00 GMT","","","","es-CL","1.1","","","","","","https://fletespro.cl/ultima-milla","2026-05-12 20:43:48"
"https://fletespro.cl/fletes-en-chicureo","text/html;charset=utf-8","200","OK","Indexable","","Fletes Chicureo | Flete Chicureo Santiago y Las Condes | FletesPro | FletesPro","78","685","Fletes en Chicureo. Flete Chicureo Santiago, flete Chicureo Las Condes. Fletes desde Chicureo, fletes baratos y económicos. Mudanzas Chicureo. Cotiza online. Presupuesto gratis.","177","1117","fletes chicureo, flete chicureo santiago, flete chicureo las condes, flete santiago chicureo, fletes chicureo santiago, fletes desde chicureo, fletes en chicureo, fletes y mudanzas chicureo, flete colina chicureo, flete desde chicureo a santiago, fletes baratos chicureo, fletes economicos chicureo, mudanzas chicureo, servicio de fletes chicureo","346","Fletes en Chicureo","18","Precios de fletes en Chicureo","29","Rutas desde y hacia Chicureo","28","index, follow","","","https://fletespro.cl/fletes-en-chicureo","","","","","","77605","16477","16477","6,312","","662","147","4,503","32,681","Difícil","11,682","1","0","","224","111","0","94,870","175","94","0","3","3","0","","","","","d913d7b2ac142280c4684ee309c516af","0,135","Mon, 27 Apr 2026 18:15:52 GMT","","","","es-CL","1.1","","","","","","https://fletespro.cl/fletes-en-chicureo","2026-05-12 20:43:48"
"https://fletespro.cl/fletes-san-joaquin","text/html;charset=utf-8","200","OK","Indexable","","Fletes San Joaquín | Fletes y mudanzas | FletesPro | FletesPro","62","546","Fletes en San Joaquín. Fletes y mudanzas en la Región Metropolitana. Cotiza online. Presupuesto gratis. WhatsApp +56 9 7979 6841.","129","829","fletes san joaquin, flete de san joaquin a puente alto, flete resdrigerador san joaquin, flete san joaquin express, fletes comuna san joaquin, fletes de materiales comuna san joaquin, fletes de san joaquin a independencia, fletes economicos san joaquin, fletes san joaquin a tiltil, fletes san joaquin camiones, fletes san joaquín a puente alto","344","Fletes en San Joaquín","21","Precios de fletes en San Joaquín","32","Rutas de fletes desde y hacia San Joaquín","41","index, follow","","","https://fletespro.cl/fletes-san-joaquin","","","","","","77679","16679","16679","6,389","","864","159","5,434","47,101","Difícil","12,978","1","0","","224","111","0","94,870","175","94","0","3","3","0","","","","","be49494e56b4202c8102b7c947fdae8d","0,234","Mon, 27 Apr 2026 18:15:49 GMT","","","","es-CL","1.1","","","","","","https://fletespro.cl/fletes-san-joaquin","2026-05-12 20:43:48"
"https://fletespro.cl/fletes-calera-de-tango","text/html;charset=utf-8","200","OK","Indexable","","Fletes Calera de Tango | Fletes y mudanzas | FletesPro | FletesPro","66","580","Fletes en Calera de Tango. Fletes y mudanzas en la Región Metropolitana. Cotiza online. Presupuesto gratis. WhatsApp +56 9 7979 6841.","133","853","fletes Calera de Tango, fletes y mudanzas Calera de Tango, flete Calera de Tango, fletes baratos Calera de Tango, fletes económicos Calera de Tango","147","Fletes en Calera de Tango","25","¿Por qué elegir FletesPro para fletes en Calera de Tango?","57","Opiniones de Nuestros Clientes","30","index, follow","","","https://fletespro.cl/fletes-calera-de-tango","","","","","","68048","14704","14704","5,633","","302","76","3,974","44,247","Difícil","9,719","1","0","","224","111","0","94,870","175","94","0","3","3","0","","","","","f19bfeba82d162c03f7bda8208cf340c","0,111","Mon, 27 Apr 2026 18:15:52 GMT","","","","es-CL","1.1","","","","","","https://fletespro.cl/fletes-calera-de-tango","2026-05-12 20:43:49"
"https://fletespro.cl/fletes-pudahuel","text/html;charset=utf-8","200","OK","Indexable","","Fletes Pudahuel | Fletes y mudanzas | FletesPro | FletesPro","59","519","Fletes en Pudahuel. Fletes y mudanzas en la Región Metropolitana. Cotiza online. Presupuesto gratis. WhatsApp +56 9 7979 6841.","126","811","fletes pudahuel, fletes economicos pudahuel, fletes pudahuel sur, flete camioneta pudahuel, flete escombros pudahuel, flete san bernado pudahuel, fletes baratos en pudahuel, fletes baratos pudahuel, fletes cerca de pudahuel norte, fletes comuna de independencia a pudahuel, fletes pudahuel 24 7, fletes pudahuel norte, fletes serca de pudahuel norte, fletes victor pudahuel, fletes y mudanzas pudahuel, mudanza y fletes comuna pudahuel","435","Fletes en Pudahuel","18","¿Por qué elegir FletesPro para fletes en Pudahuel?","50","Opiniones de Nuestros Clientes","30","index, follow","","","https://fletespro.cl/fletes-pudahuel","","","","","","68149","14785","14785","5,664","","272","77","3,532","36,227","Difícil","9,545","1","0","","224","111","0","94,870","175","94","0","3","3","0","","","","","ca7fc2051053b3c09c0df24dc7201887","0,361","Mon, 27 Apr 2026 18:15:49 GMT","","","","es-CL","1.1","","","","","","https://fletespro.cl/fletes-pudahuel","2026-05-12 20:43:48"
"https://fletespro.cl/fletes-la-pintana","text/html;charset=utf-8","200","OK","Indexable","","Fletes La Pintana | Fletes baratos y económicos | Camión | FletesPro | FletesPro","80","701","Fletes en La Pintana. Flete La Pintana barato y económico. Fletes comuna La Pintana con camión. Fletes para La Pintana, fletes con camión a La Pintana. Cotiza gratis por WhatsApp.","179","1125","fletes la pintana, flete la pintana, fletes barato para la pintana, fletes comuna la pintana, fletes con un camion a la pintana, fletes economicos la pintana, fletes para la pintana, yapo fletes en la pintana","208","Fletes en La Pintana","20","Precios de fletes en La Pintana","31","Rutas desde y hacia La Pintana","30","index, follow","","","https://fletespro.cl/fletes-la-pintana","","","","","","78510","16787","16787","6,431","","942","165","5,709","40,372","Difícil","13,207","1","0","","224","111","0","94,870","175","94","0","3","3","0","","","","","55ae86a3ea7f2aaa5616df60c468e258","1,060","Mon, 27 Apr 2026 18:15:45 GMT","","","","es-CL","1.1","","","","","","https://fletespro.cl/fletes-la-pintana","2026-05-12 20:43:48"
"https://fletespro.cl/fletes-padre-hurtado","text/html;charset=utf-8","200","OK","Indexable","","Fletes Padre Hurtado | Fletes Maipú a Padre Hurtado | Fletes económicos | FletesPro | FletesPro","95","843","Fletes en Padre Hurtado. Fletes Maipú Padre Hurtado, fletes económicos Maipú a Padre Hurtado. Cuánto sale un flete mudanza desde Santiago a Padre Hurtado. Fletes comuna Padre Hurtado. Cotiza gratis.","198","1275","fletes padre hurtado, cuánto sale un flete mudanza desde santiago a padre hurtado, fletes baratos en comuna de padre hurtado, fletes comuna padre hurtado, fletes economicos maipu a padre hurtado, fletes en padre hurtado, fletes maipu padre hurtado, fletes negocios comuna padre hurtado","285","Fletes en Padre Hurtado","23","Precios de fletes en Padre Hurtado","34","Rutas desde y hacia Padre Hurtado","33","index, follow","","","https://fletespro.cl/fletes-padre-hurtado","","","","","","79190","16768","16768","6,424","","957","173","5,532","39,623","Difícil","13,606","1","0","","224","111","0","94,870","175","94","0","3","3","0","","","","","8be405b77138ca5c8c910937def87373","0,112","Mon, 27 Apr 2026 18:15:55 GMT","","","","es-CL","1.1","","","","","","https://fletespro.cl/fletes-padre-hurtado","2026-05-12 20:43:49"
"https://fletespro.cl/fletes-san-jose-de-maipo","text/html;charset=utf-8","200","OK","Indexable","","Fletes San José de Maipo | Fletes mudanzas San José de Maipo | FletesPro | FletesPro","84","763","Fletes en San José de Maipo. Fletes mudanzas San José de Maipo. Fletes mudanzas fuera de Santiago. Zona cordillera. Cotiza online. Presupuesto gratis. WhatsApp +56 9 7979 6841.","176","1137","flete san jose de maipo, fletes en san jose de maipo, fletes mudanzas fuera de santiago san jose de maipo, fletes mudanzas san jose de maipo, fletes san josé de maipo","166","Fletes en San José de Maipo","27","Precios de fletes en San José de Maipo","38","Rutas de fletes desde y hacia San José de Maipo","47","index, follow","","","https://fletespro.cl/fletes-san-jose-de-maipo","","","","","","76278","16429","16429","6,294","","802","142","5,648","61,333","Normal","12,274","1","0","","224","111","0","94,870","175","94","0","3","3","0","","","","","f5ab1e4df520d302db4496f7561d68c9","0,386","Mon, 27 Apr 2026 18:15:51 GMT","","","","es-CL","1.1","","","","","","https://fletespro.cl/fletes-san-jose-de-maipo","2026-05-12 20:43:49"
"https://fletespro.cl/fletes-san-bernardo","text/html;charset=utf-8","200","OK","Indexable","","Fletes San Bernardo | Fletes y mudanzas | FletesPro | FletesPro","63","555","Fletes en San Bernardo. Fletes y mudanzas en la Región Metropolitana. Cotiza online. Presupuesto gratis. WhatsApp +56 9 7979 6841.","130","835","fletes san bernardo, fletes economicos san bernardo, fletes y mudanzas san bernardo, flete camion 3 4 san bernardo, flete camion tolva san bernardo, fletes en balmaceda san bernardo, fletes san bernardo macul, servicios fletes san bernardo","239","Fletes en San Bernardo","22","Precios de fletes en San Bernardo","33","Rutas de fletes desde y hacia San Bernardo","42","index, follow","","","https://fletespro.cl/fletes-san-bernardo","","","","","","78411","16836","16836","6,450","","956","167","5,725","44,922","Difícil","13,499","1","0","","224","111","0","94,870","175","94","0","3","3","0","","","","","533a7abea42c0707f0dbe82efaf7fe93","0,207","Mon, 27 Apr 2026 18:15:52 GMT","","","","es-CL","1.1","","","","","","https://fletespro.cl/fletes-san-bernardo","2026-05-12 20:43:49"
"https://fletespro.cl/blog","text/html;charset=utf-8","200","OK","Indexable","","Blog de Fletes y Mudanzas | Guías y Consejos | FletesPro | FletesPro","68","599","Blog de FletesPro con guías, consejos e información sobre fletes, mudanzas y servicios de transporte en Santiago y Regiones. Fletes baratos y económicos.","153","965","blog fletes, guías mudanzas, consejos fletes, fletes baratos, fletes económicos, mudanzas Santiago, transporte regiones Chile","125","Blog FletesPro","14","Checklist para una mudanza en Santiago: qué hacer 30, 15 y 1 día antes","70","Cómo generar un salvoconducto para mudanza: guía 2026","53","index, follow","","","https://fletespro.cl/blog","","","","","","91562","16226","16226","6,216","","950","185","5,135","48,630","Difícil","11,549","1","0","","393","111","0","94,870","200","119","0","2","2","0","","","","","74b6d19edd173bf1809e8618bd17de59","0,124","Mon, 27 Apr 2026 18:15:46 GMT","","","","es-CL","1.1","","","","","","https://fletespro.cl/blog","2026-05-12 20:43:49"
"https://fletespro.cl/cookies","text/html;charset=utf-8","404","Page not found: /cookies","No indexable","Error de cliente","","0","0","","0","0","","0","","0","","0","","0","","","","","","","","","","0","0","0","0,000","","0","","","","","0,000","1","0","","111","111","0","94,870","0","0","0","0","0","0","","","","","","0,269","","","","","","1.1","","","","","","https://fletespro.cl/cookies","2026-05-12 20:43:49"
"https://fletespro.cl/fletes-curacavi","text/html;charset=utf-8","200","OK","Indexable","","Fletes Curacaví | Fletes y mudanzas | FletesPro | FletesPro","59","513","Fletes en Curacaví. Fletes y mudanzas en la Región Metropolitana. Cotiza online. Presupuesto gratis. WhatsApp +56 9 7979 6841.","126","806","fletes Curacaví, fletes y mudanzas Curacaví, flete Curacaví, fletes baratos Curacaví, fletes económicos Curacaví","112","Fletes en Curacaví","18","¿Por qué elegir FletesPro para fletes en Curacaví?","50","Opiniones de Nuestros Clientes","30","index, follow","","","https://fletespro.cl/fletes-curacavi","","","","","","67850","14693","14693","5,629","","272","77","3,532","36,538","Difícil","9,585","1","0","","224","111","0","94,870","175","94","0","3","3","0","","","","","4228018c2d9c2818e06bdebbbdc0f9a","0,251","Mon, 27 Apr 2026 18:15:52 GMT","","","","es-CL","1.1","","","","","","https://fletespro.cl/fletes-curacavi","2026-05-12 20:43:49"
"https://fletespro.cl/fletes-colina","text/html;charset=utf-8","200","OK","Indexable","","Fletes Colina | Fletes Colina Santiago | Precios y mudanzas | FletesPro | FletesPro","83","716","Fletes en Colina y fletes Colina Santiago. Fletes de Santiago a Colina, camión 3/4, flete particular. Rutas Conchalí–Colina, Cerrillos, El Quisco. Cotiza online. Presupuesto gratis.","181","1085","fletes colina, cuanto sale un flete de conchali a colina, flete 3 4 en colina, flete desde colina a cerrillos precio, flete particular en colina, fletes cerca de colina, fletes colina santiago, fletes de santiago a colina, fletes quisco a colina, fletes y mudanza colina, fletes y mudanza en colina, precio flete conchali a colina","330","Fletes en Colina","16","Precios de fletes en Colina","27","Rutas desde y hacia Colina","26","index, follow","","","https://fletespro.cl/fletes-colina","","","","","","78092","16727","16727","6,408","","779","145","5,372","40,761","Difícil","12,089","1","0","","224","111","0","94,870","175","94","0","3","3","0","","","","","24cc79755e18e4eaf24f6e12f4d70938","0,210","Mon, 27 Apr 2026 18:15:52 GMT","","","","es-CL","1.1","","","","","","https://fletespro.cl/fletes-colina","2026-05-12 20:43:49"
"https://fletespro.cl/mudanzas-las-condes","text/html;charset=utf-8","200","OK","Indexable","","Mudanzas Las Condes | Mudanzas en Las Condes | FletesPro","56","542","Mudanzas en Las Condes. Cotiza online. Presupuesto gratis. Salvoconducto, ayudantes. Cobertura oriente RM. WhatsApp +56 9 7979 6841.","132","870","mudanzas Las Condes, mudanzas en Las Condes, mudanzas Las Condes precios, fletes Las Condes, mudanzas baratas Las Condes","120","Mudanzas en Las Condes","22","Precios de mudanzas en Las Condes","33","Rutas que cubrimos desde Las Condes","35","index, follow","","","https://fletespro.cl/mudanzas-las-condes","","","","","","75143","16238","16238","6,220","","464","116","4,000","32,116","Difícil","10,343","1","0","","117","111","0","94,870","175","94","0","3","3","0","","","","","97deb26b5131420bba1d294c0fdfcde4","0,789","Mon, 27 Apr 2026 18:16:00 GMT","","","","es-CL","1.1","","","","","","https://fletespro.cl/mudanzas-las-condes","2026-05-12 20:43:49"
"https://fletespro.cl/fletes-renca","text/html;charset=utf-8","200","OK","Indexable","","Fletes Renca | Fletes baratos en Renca | FletesPro | FletesPro","62","538","Fletes en Renca. Fletes baratos en Renca. Flete de Renca a San Miguel. Servicio de fletes por Renca y zona poniente. Cotiza online. Presupuesto gratis. WhatsApp +56 9 7979 6841.","177","1116","fletes en renca, flete de renca a san miguel, fletes baratos en renca, fletes baratos renca, fletes por renca","109","Fletes en Renca","15","Precios de fletes en Renca","26","Rutas de fletes desde y hacia Renca","35","index, follow","","","https://fletespro.cl/fletes-renca","","","","","","77788","16957","16957","6,496","","817","161","5,075","48,120","Difícil","12,326","1","0","","224","111","0","94,870","176","94","0","3","3","0","","","","","7dfd5b4bb806e79bc6272343a88fc84a","0,121","Mon, 27 Apr 2026 18:15:49 GMT","","","","es-CL","1.1","","","","","","https://fletespro.cl/fletes-renca","2026-05-12 20:43:49"
"https://fletespro.cl/mudanzas-la-reina","text/html;charset=utf-8","200","OK","Indexable","","Mudanzas La Reina | Mudanzas en La Reina | FletesPro","52","485","Mudanzas en La Reina. Cotiza online. Presupuesto gratis. Salvoconducto, ayudantes. Cobertura oriente RM. WhatsApp +56 9 7979 6841.","130","849","mudanzas La Reina, mudanzas en La Reina, traslado mudanza La Reina, fletes La Reina, cambio de domicilio oriente","112","Mudanzas en La Reina","20","Precios de mudanzas en La Reina","31","Rutas que cubrimos desde La Reina","33","index, follow","","","https://fletespro.cl/mudanzas-la-reina","","","","","","75073","16219","16219","6,213","","474","112","4,232","34,232","Difícil","10,342","1","0","","114","111","0","94,870","175","94","0","3","3","0","","","","","f3cff427f9b777dc712f91294f0ba0be","0,252","Mon, 27 Apr 2026 18:16:00 GMT","","","","es-CL","1.1","","","","","","https://fletespro.cl/mudanzas-la-reina","2026-05-12 20:43:49"
"https://fletespro.cl/fletes-vitacura","text/html;charset=utf-8","200","OK","Indexable","","Fletes Vitacura | Fletes económicos Vitacura Santiago | FletesPro | FletesPro","77","674","Fletes Vitacura. Fletes económicos Vitacura. Flete Talagante Vitacura. Fletes Vitacura Santiago. Cotiza online. Presupuesto gratis. WhatsApp +56 9 7979 6841.","157","988","fletes vitacura, flete talagante vitacura, flete vitacura, fletes economicos vitacura, fletes vitacura santiago","111","Fletes en Vitacura","18","Precios de fletes en Vitacura","29","Rutas de fletes desde y hacia Vitacura","38","index, follow","","","https://fletespro.cl/fletes-vitacura","","","","","","76700","16592","16592","6,356","","685","148","4,628","25,774","Muy difícil","11,967","1","0","","224","111","0","94,870","176","94","0","3","3","0","","","","","cc7bfe2d0d7e8ba4c86cc3596c1002dd","0,114","Mon, 27 Apr 2026 18:15:51 GMT","","","","es-CL","1.1","","","","","","https://fletespro.cl/fletes-vitacura","2026-05-12 20:43:49"
"https://fletespro.cl/transporte-frio","text/html;charset=utf-8","200","OK","Indexable","","Empresa Transporte Frío | FletesPro","35","317","Empresa de transporte en frío en Santiago y Región Metropolitana. Transporte refrigerado, transporte frigorífico y logística de cadena frío. Transporte con temperatura controlada. Transporte de frios y congelados, transporte de alimentos frios. Precio transporte frío competitivo. Presupuesto gratis.","300","1840","transporte en frio, transporte frio, transporte refrigerado, cadena frío, transporte frigorífico, transporte temperatura controlada, transporte alimentos, transporte farmacéutico, logística frío, transporte frío local, transporte frio nacional, transporte frio internacional, transporte de frios y congelados, transporte frío particulares, envios temperatura controlada, envio paquete frio, empresas de transporte en frio, cadena de frio transporte, cadena de frio transporte en chile, transporte de frio en chile, transporte en frio santiago de chile, transporte de carga en frio, transporte de muestras en frio, importancia del transporte en la cadena de frio, como transportar medicamentos en frio, empresas de transportes y bodegaje en frio, transporte en frio desde santiago hacia arica, transporte en frio temuco, metodologias de transporte en cadena de frio, impacto del transporte en la cadena de frio, camion frio congelacion, camion isotermo con frio, contenedores para mantener frio, empresa transporte frio, empresas logistica frio, envio de paquetes frios, mensajeria en frio, precio transporte frio, transporte cadena de frio, transporte carga fria, transporte de alimentos frios, transporte de carga fria, transporte frio express, transportes refrigerados","1270","Transporte en Frío y Refrigerado","32","Calculadora de Transporte Frío","30","Transporte en frío: garantizando la seguridad de tus productos perecederos","74","index, follow","","","https://fletespro.cl/transporte-frio","","","","","","125416","21901","21901","8,390","","1262","292","4,322","19,238","Muy difícil","11,128","1","0","","339","111","0","94,870","175","94","0","2","2","0","","","","","5c7ea5d8a0f7ea8b5c785b30726d51db","0,123","Mon, 27 Apr 2026 18:16:00 GMT","","","","es-CL","1.1","","","","","","https://fletespro.cl/transporte-frio","2026-05-12 20:43:49"
"https://fletespro.cl/bodegaje/san-miguel","text/html;charset=utf-8","200","OK","No indexable","Canonicalizada","Bodegaje y Arriendo de Bodegas en Santiago | FletesPro | FletesPro","66","595","Bodegaje y arriendo de bodegas en Santiago y Región Metropolitana. Tarifa base desde $6.500 CLP por m³ al mes. Espacios climatizados, vigilados 24h. Recogida a domicilio. Acceso online. Calculadora de bodegaje. Presupuesto gratis sin compromiso.","245","1565","bodegaje Santiago, arriendo bodega Santiago, bodegaje Región Metropolitana, guardar muebles Santiago, arriendo bodega guardar cosas, mini bodegas Santiago, bodegaje precios, precio bodegaje mes, almacenamiento Santiago, bodegas particulares, bodegas empresas, bodegaje con mudanza, self storage Santiago, espacios almacenamiento Región Metropolitana","349","Bodegaje y Arriendo de Bodegas en Santiago","42","Calculadora de Bodegaje","23","Servicio de Recogida a Domicilio","32","index, follow","","","https://fletespro.cl/bodegaje","","","","","","114986","21161","21161","8,106","","1009","259","3,896","23,200","Muy difícil","10,173","1","1","","225","111","0","94,870","176","94","0","2","2","0","","","","","4883b46ee81e9147fcc6117b63b5a1b6","0,426","Mon, 27 Apr 2026 18:15:55 GMT","","","","es-CL","1.1","","","","","","https://fletespro.cl/bodegaje/san-miguel","2026-05-12 20:43:49"
"https://fletespro.cl/blog/cuanto-se-cobra-por-un-flete-en-chile","text/html;charset=utf-8","200","OK","No indexable","Canonicalizada","¿Cuánto se cobra por un flete en Chile? | Blog FletesPro | FletesPro","68","587","Si necesitas el precio rápido de un flete y actualizado a 2026, cotiza con nuestra calculadora en línea. Precios de fletes en Santiago y regiones.","146","879","fletes, mudanzas, Santiago, regiones Chile, fletes baratos, blog fletes","71","¿Cuánto se cobra por un flete en Chile?","39","Tabla de contenidos","19","¿Cuánto se cobra por un flete en Chile?","39","index, follow","","","https://fletespro.clundefined/","","","","","","69880","16970","16970","6,501","","363","75","4,840","49,969","Difícil","10,274","1","1","","15","6","0","5,130","190","96","0","2","2","0","","","","","d53135e5f63dbad72655938022c4807f","0,211","Mon, 27 Apr 2026 18:16:18 GMT","","","","es-CL","1.1","","","","","","https://fletespro.cl/blog/cuanto-se-cobra-por-un-flete-en-chile","2026-05-12 20:43:50"
"https://fletespro.cl/mudanzas-santiago","text/html;charset=utf-8","200","OK","Indexable","","Mudanzas Santiago | Mudanzas en Santiago y RM | FletesPro","57","539","Mudanzas en Santiago y toda la Región Metropolitana. Cotiza online. Presupuesto gratis. Salvoconducto, ayudantes y cobertura en Providencia, Las Condes, Ñuñoa y más. WhatsApp +56 9 7979 6841.","191","1238","mudanzas Santiago, mudanzas en Santiago, mudanzas Santiago precios, empresa de mudanzas Santiago, mudanzas Región Metropolitana, mudanzas baratas Santiago, camion mudanza santiago, mudanzas santiago centro, mudanzas en santiago de chile, mudanzas economicas santiago, mudanzas dentro de santiago, mudanza dentro de santiago, mudanzas chile santiago, transporte mudanza santiago, empresa de mudanzas en santiago, camion de mudanza santiago precio, camion para mudanza santiago, mudanzas baratas en santiago de chile, mudanzas en santiago chile, transporte de mudanza santiago","574","Mudanzas en Santiago","20","Precios de mudanzas en Santiago","31","Rutas de mudanzas que cubrimos","30","index, follow","","","https://fletespro.cl/mudanzas-santiago","","","","","","84684","18629","18629","7,136","","1007","200","5,035","24,123","Muy difícil","13,339","1","0","","237","111","0","94,870","185","94","0","3","3","0","","","","","e2b643b8b3bea2359db0b05a806c99fd","0,111","Mon, 27 Apr 2026 18:16:00 GMT","","","","es-CL","1.1","","","","","","https://fletespro.cl/mudanzas-santiago","2026-05-12 20:43:50"
"https://fletespro.cl/mudanzas/particulares","text/html; charset=utf-8","200","OK","No indexable","Redirigido","","0","0","","0","0","","0","","0","","0","","0","","","0; url=/mudanzas-santiago","","","","","","","104","111","111","0,043","","0","","","","","0,000","1","1","","111","111","0","94,870","0","0","0","0","0","0","","","","","8608d8e05ad2f2da1b29972d75155623","0,135","Mon, 27 Apr 2026 18:16:02 GMT","https://fletespro.cl/mudanzas-santiago","Redirección meta refresh","","","1.1","","","","","","https://fletespro.cl/mudanzas/particulares","2026-05-12 20:43:50"
"https://fletespro.cl/fletes-cerro-navia","text/html;charset=utf-8","200","OK","Indexable","","Fletes Cerro Navia | Fletes y mudanzas | Precios | FletesPro | FletesPro","72","619","Fletes en Cerro Navia. Flete Cerro Navia y fletes económicos Cerro Navia. Rutas a Maipú, Santiago, San Bernardo. Cotiza online. Presupuesto gratis.","147","912","fletes cerro navia, flete a maipu desde cerro navia, flete cerro navia, fletes economicos cerro navia, necesito flete de santiago cerro navia a san bernardo","156","Fletes en Cerro Navia","21","Precios de fletes en Cerro Navia","32","Rutas desde y hacia Cerro Navia","31","index, follow","","","https://fletespro.cl/fletes-cerro-navia","","","","","","76292","16405","16405","6,284","","672","130","5,169","42,334","Difícil","11,510","1","0","","224","111","0","94,870","175","94","0","3","3","0","","","","","a4783fa706bbef9db91e9a38874a404a","0,202","Mon, 27 Apr 2026 18:15:45 GMT","","","","es-CL","1.1","","","","","","https://fletespro.cl/fletes-cerro-navia","2026-05-12 20:43:50"
"https://fletespro.cl/blog/checklist-mudanza-santiago-30-15-1-dia-antes","text/html;charset=utf-8","200","OK","No indexable","Canonicalizada","Checklist para una mudanza en Santiago: qué hacer 30, 15 y 1 día antes | Blog FletesPro | FletesPro","99","875","Checklist mudanza Santiago: tareas 30, 15 y 1 día antes. Planificación, embalaje, kit supervivencia y salvoconducto. Enlaces a cotizar en Santiago.","147","902","fletes, mudanzas, Santiago, regiones Chile, fletes baratos, blog fletes","71","Checklist para una mudanza en Santiago: qué hacer 30, 15 y 1 día antes","70","Tabla de contenidos","19","Checklist para una mudanza en Santiago: qué hacer 30, 15 y 1 día antes","70","index, follow","","","https://fletespro.clundefined/","","","","","","73572","19251","19251","7,375","","1607","241","6,668","39,237","Difícil","20,199","1","1","","52","10","0","8,550","231","98","0","2","2","0","","","","","90bd91702757ac93250cbf3be89d42f0","0,131","Mon, 27 Apr 2026 18:16:17 GMT","","","","es-CL","1.1","","","","","","https://fletespro.cl/blog/checklist-mudanza-santiago-30-15-1-dia-antes","2026-05-12 20:43:49"
"https://fletespro.cl/fletes-en-la-reina","text/html;charset=utf-8","200","OK","Indexable","","Fletes La Reina | Fletes Providencia, Independencia, Ñuñoa | FletesPro | FletesPro","82","716","Fletes en La Reina. Flete La Reina a Providencia, flete desde Independencia a La Reina. Fletes entre Providencia y La Reina, fletes La Reina Ñuñoa. Fletes Homecenter La Reina. Cotiza gratis.","190","1165","fletes la reina, flete de la reina a providencia, flete desde independencia a la reina, flete la reina, flete la reina a santiago, flete santiago la reina, fletes economicos desde independencia a la reina, fletes entre providencia y la reina, fletes homecenter la reina, fletes la reina marquez, fletes y mudanza la reina, fletes ñuñoa la reina","344","Fletes en La Reina","18","Precios de fletes en La Reina","29","Rutas desde y hacia La Reina","28","index, follow","","","https://fletespro.cl/fletes-en-la-reina","","","","","","79424","16771","16771","6,425","","983","172","5,715","44,313","Difícil","13,274","1","0","","224","111","0","94,870","175","94","0","3","3","0","","","","","4cc2d08a4d72c3634b0ca22ed81bce2f","0,158","Mon, 27 Apr 2026 18:15:45 GMT","","","","es-CL","1.1","","","","","","https://fletespro.cl/fletes-en-la-reina","2026-05-12 20:43:50"
"https://fletespro.cl/mudanzas-lo-barnechea","text/html;charset=utf-8","200","OK","Indexable","","Mudanzas Lo Barnechea | Mudanzas en Lo Barnechea | FletesPro","60","578","Mudanzas en Lo Barnechea. Cotiza online. Presupuesto gratis. Salvoconducto, ayudantes. Oriente RM. WhatsApp +56 9 7979 6841.","124","817","mudanzas Lo Barnechea, mudanzas en Lo Barnechea, mudanzas Lo Barnechea precios, fletes Lo Barnechea, mudanzas baratas Lo Barnechea","130","Mudanzas en Lo Barnechea","24","Precios de mudanzas en Lo Barnechea","35","Rutas que cubrimos desde Lo Barnechea","37","index, follow","","","https://fletespro.cl/mudanzas-lo-barnechea","","","","","","75176","16213","16213","6,211","","463","115","4,026","29,529","Muy difícil","10,352","1","0","","114","111","0","94,870","175","94","0","3","3","0","","","","","aa7e6a803069fc981764714ac3b72708","0,266","Mon, 27 Apr 2026 18:16:00 GMT","","","","es-CL","1.1","","","","","","https://fletespro.cl/mudanzas-lo-barnechea","2026-05-12 20:43:50"
"https://fletespro.cl/blog/como-generar-salvoconducto-para-mudanza","text/html;charset=utf-8","200","OK","No indexable","Canonicalizada","Cómo generar un salvoconducto para mudanza: guía 2026 | Blog FletesPro | FletesPro","82","760","Guía paso a paso para generar tu salvoconducto de mudanza en Chile. Requisitos, notaría, online y alternativas. Evita multas y traslada en paz.","143","879","fletes, mudanzas, Santiago, regiones Chile, fletes baratos, blog fletes","71","Cómo generar un salvoconducto para mudanza: guía 2026","53","Tabla de contenidos","19","Cómo generar un salvoconducto para mudanza","42","index, follow","","","https://fletespro.clundefined/","","","","","","73376","19007","19007","7,281","","1587","254","6,248","36,411","Difícil","20,462","1","1","","72","14","0","11,970","224","99","0","2","2","0","","","","","f66036ef5b82071f12ce849b4b5d8c99","0,277","Mon, 27 Apr 2026 18:16:17 GMT","","","","es-CL","1.1","","","","","","https://fletespro.cl/blog/como-generar-salvoconducto-para-mudanza","2026-05-12 20:43:50"
"https://fletespro.cl/fletes-san-ramon","text/html;charset=utf-8","200","OK","Indexable","","Fletes San Ramón | Flete Las Condes San Ramón, San Ramón La Cisterna | FletesPro | FletesPro","92","845","Fletes en San Ramón. Flete Las Condes a San Ramón. Flete San Ramón La Cisterna. Cotiza online. Presupuesto gratis. WhatsApp +56 9 7979 6841.","140","915","fletes san ramon, flete las condes a san ramon, flete san ramon la cisterna, fletes en san ramon","96","Fletes en San Ramón","19","Precios de fletes en San Ramón","30","Rutas de fletes desde y hacia San Ramón","39","index, follow","","","https://fletespro.cl/fletes-san-ramon","","","","","","75554","16266","16266","6,231","","729","135","5,400","62,791","Normal","11,776","1","0","","224","111","0","94,870","175","94","0","3","3","0","","","","","3031583dddbc7de3f6b61d8752aa4e15","0,176","Mon, 27 Apr 2026 18:15:51 GMT","","","","es-CL","1.1","","","","","","https://fletespro.cl/fletes-san-ramon","2026-05-12 20:43:50"
"https://fletespro.cl/fletes-recoleta","text/html;charset=utf-8","200","OK","Indexable","","Fletes Recoleta | Fletes baratos y económicos Recoleta | FletesPro | FletesPro","78","683","Fletes en Recoleta. Fletes baratos y económicos Recoleta Santiago. Flete camión plano Recoleta. Fletes Maipú a Recoleta, San Bernardo a Recoleta. Fletes y mudanzas Recoleta. Cotiza online. Presupuesto gratis. WhatsApp +56 9 7979 6841.","234","1491","fletes recoleta, fletes recoleta santiago, flete barato recoleta, flete economico recoleta, fletes baratos recoleta, fletes economicos recoleta, flete camion plano recoleta, fletes y mudanzas recoleta, fletes maipu recoleta","223","Fletes en Recoleta","18","Precios de fletes en Recoleta","29","Rutas de fletes desde y hacia Recoleta","38","index, follow","","","https://fletespro.cl/fletes-recoleta","","","","","","79030","17200","17200","6,589","","889","167","5,323","31,470","Difícil","13,012","1","0","","224","111","0","94,870","176","94","0","3","3","0","","","","","5ae319fa3e5e2176de9afb1740d7b2f9","0,241","Mon, 27 Apr 2026 18:15:49 GMT","","","","es-CL","1.1","","","","","","https://fletespro.cl/fletes-recoleta","2026-05-12 20:43:50"
"https://fletespro.cl/mudanzas/urgentes","text/html; charset=utf-8","200","OK","No indexable","Redirigido","","0","0","","0","0","","0","","0","","0","","0","","","0; url=/mudanzas-santiago","","","","","","","104","111","111","0,043","","0","","","","","0,000","1","1","","126","111","0","94,870","0","0","0","0","0","0","","","","","8608d8e05ad2f2da1b29972d75155623","0,114","Mon, 27 Apr 2026 18:16:03 GMT","https://fletespro.cl/mudanzas-santiago","Redirección meta refresh","","","1.1","","","","","","https://fletespro.cl/mudanzas/urgentes","2026-05-12 20:43:50"
"https://fletespro.cl/mudanzas-chicureo","text/html;charset=utf-8","200","OK","Indexable","","Mudanzas Chicureo | Mudanzas en Chicureo y Colina | FletesPro","61","569","Mudanzas en Chicureo y Colina. Cotiza online. Presupuesto gratis. Salvoconducto, ayudantes. Norte RM. WhatsApp +56 9 7979 6841.","127","831","mudanzas Chicureo, mudanzas en Chicureo, mudanzas Colina Chicureo, fletes Chicureo, mudanzas norte Santiago","107","Mudanzas en Chicureo","20","Precios de mudanzas en Chicureo","31","Rutas que cubrimos desde Chicureo","33","index, follow","","","https://fletespro.cl/mudanzas-chicureo","","","","","","74976","16188","16188","6,201","","434","110","3,945","21,740","Muy difícil","10,237","1","0","","114","111","0","94,870","175","94","0","3","3","0","","","","","5f901159a1a02bcc7cc024edfc87fdc2","0,111","Mon, 27 Apr 2026 18:16:01 GMT","","","","es-CL","1.1","","","","","","https://fletespro.cl/mudanzas-chicureo","2026-05-12 20:43:50"
"https://fletespro.cl/fletes-maipu","text/html;charset=utf-8","200","OK","Indexable","","Fletes Maipú | Fletes y mudanzas Maipú | Flete Santiago a Maipú | FletesPro | FletesPro","87","767","Fletes en Maipú. Fletes y mudanzas Maipú, fletes económicos Maipú. Flete desde Maipú a La Florida, flete Maipú a Quilicura, Ciudad Satélite y Villa Los Héroes. Fletes Maipú Santiago. Cotiza gratis.","197","1214","fletes maipu, fletes y mudanzas maipu, flete los profesores maipu, fletes ciudad satelite maipu, fletes economicos maipu, fletes maipu camioneta, fletes villa los heroes maipu, flete de maipu a stgo centro, flete desde maipu a la florida, flete desde maipu a quilicura, fletes baratos maipu, fletes maipu santiago, fletes maipu santiago centro, fletes mudanzas maipu, fletes en comuna de maipu, fletes en maipu chile, fletes maipu a recoleta, fletes sodimac maipu, valor de flete desde maipu hasta la florida","508","Fletes en Maipú","15","Precios de fletes en Maipú","26","Rutas desde y hacia Maipú","25","index, follow","","","https://fletespro.cl/fletes-maipu","","","","","","82570","18142","18142","6,950","","1207","204","5,917","53,358","Bastante difícil","14,645","1","0","","225","111","0","94,870","176","94","0","3","3","0","","","","","2bb8e439edb4b283a67b0eee90aa3d93","0,110","Mon, 27 Apr 2026 18:15:49 GMT","","","","es-CL","1.1","","","","","","https://fletespro.cl/fletes-maipu","2026-05-12 20:43:50"
"https://fletespro.cl/mudanzas-colina","text/html;charset=utf-8","200","OK","Indexable","","Mudanzas Colina | Mudanzas en Colina y Chicureo | FletesPro","59","545","Mudanzas en Colina y Chicureo. Cotiza online. Presupuesto gratis. Salvoconducto, ayudantes. WhatsApp +56 9 7979 6841.","117","765","mudanzas Colina, mudanzas Chicureo, mudanzas Colina precios, fletes Colina","74","Mudanzas en Colina","18","Precios de mudanzas en Colina","29","Rutas que cubrimos desde Colina","31","index, follow","","","https://fletespro.cl/mudanzas-colina","","","","","","74639","16129","16129","6,179","","416","106","3,925","22,670","Muy difícil","10,058","1","0","","114","111","0","94,870","175","94","0","3","3","0","","","","","bbb3685553cdaa4d525c4723b9d3775f","0,460","Mon, 27 Apr 2026 18:16:00 GMT","","","","es-CL","1.1","","","","","","https://fletespro.cl/mudanzas-colina","2026-05-12 20:43:50"
"https://fletespro.cl/_nuxt/kOnpO0sC.js","text/javascript; charset=utf-8","200","OK","Indexable","","","0","0","","0","0","","0","","0","","0","","0","","","","","","","","","","295682","295682","295682","113,270","","0","","","","","0,000","1","1","","0","0","0","0,000","0","0","0","0","0","0","","","","","","0,125","Mon, 27 Apr 2026 18:16:30 GMT","","","","","1.1","","","","","","https://fletespro.cl/_nuxt/kOnpO0sC.js","2026-05-12 20:43:50"
"https://fletespro.cl/bodegaje/providencia","text/html;charset=utf-8","200","OK","No indexable","Canonicalizada","Bodegaje y Arriendo de Bodegas en Santiago | FletesPro | FletesPro","66","595","Bodegaje y arriendo de bodegas en Santiago y Región Metropolitana. Tarifa base desde $6.500 CLP por m³ al mes. Espacios climatizados, vigilados 24h. Recogida a domicilio. Acceso online. Calculadora de bodegaje. Presupuesto gratis sin compromiso.","245","1565","bodegaje Santiago, arriendo bodega Santiago, bodegaje Región Metropolitana, guardar muebles Santiago, arriendo bodega guardar cosas, mini bodegas Santiago, bodegaje precios, precio bodegaje mes, almacenamiento Santiago, bodegas particulares, bodegas empresas, bodegaje con mudanza, self storage Santiago, espacios almacenamiento Región Metropolitana","349","Bodegaje y Arriendo de Bodegas en Santiago","42","Calculadora de Bodegaje","23","Servicio de Recogida a Domicilio","32","index, follow","","","https://fletespro.cl/bodegaje","","","","","","114990","21146","21146","8,101","","1009","259","3,896","23,200","Muy difícil","10,173","1","1","","225","111","0","94,870","176","94","0","2","2","0","","","","","97bd05eebbf80cfd7511fea5f49002ea","0,158","Mon, 27 Apr 2026 18:15:55 GMT","","","","es-CL","1.1","","","","","","https://fletespro.cl/bodegaje/providencia","2026-05-12 20:43:50"
"https://fletespro.cl/mudanzas/piano","text/html;charset=utf-8","404","Page not found: /mudanzas/piano","No indexable","Error de cliente","","0","0","","0","0","","0","","0","","0","","0","","","","","","","","","","0","0","0","0,000","","0","","","","","0,000","1","1","","111","111","0","94,870","0","0","0","0","0","0","","","","","","0,166","","","","","","1.1","","","","","","https://fletespro.cl/mudanzas/piano","2026-05-12 20:43:51"
"https://fletespro.cl/fletes-macul","text/html;charset=utf-8","200","OK","Indexable","","Fletes Macul | Flete barato Macul | Fletes Quilicura a Macul | FletesPro | FletesPro","84","716","Fletes en Macul. Flete barato Macul, fletes económicos Macul. Flete de Quilicura a Macul precios, fletes Macul a Ñuñoa, fletes La Florida Macul, fletes y mudanzas Macul. Cotiza gratis.","184","1131","fletes macul, flete barato macul, flete de quilicura a macul precios, flete en macul, fletes comuna macul, fletes de macul a concepcion, fletes de san bernardo a macul, fletes economicos macul, fletes economicos macul y nunoa, fletes la florida macul, fletes macul a nunoa, fletes macul peñalolen, fletes para la comuna macul, fletes por macul, fletes san luis de macul, fletes y mudanzas macul, fletes ñuñoa macul, yapo flete macul","432","Fletes en Macul","15","Precios de fletes en Macul","26","Rutas desde y hacia Macul","25","index, follow","","","https://fletespro.cl/fletes-macul","","","","","","80061","17252","17252","6,609","","1049","181","5,796","46,753","Difícil","13,723","1","0","","224","111","0","94,870","175","94","0","3","3","0","","","","","33cf27fbc2cc01ee22468eb325296ea3","0,190","Mon, 27 Apr 2026 18:15:49 GMT","","","","es-CL","1.1","","","","","","https://fletespro.cl/fletes-macul","2026-05-12 20:43:51"
"https://fletespro.cl/fletes-pedro-aguirre-cerda","text/html;charset=utf-8","200","OK","Indexable","","Fletes Pedro Aguirre Cerda | Fletes y mudanzas | FletesPro | FletesPro","70","615","Fletes en Pedro Aguirre Cerda. Fletes y mudanzas en la Región Metropolitana. Cotiza online. Presupuesto gratis. WhatsApp +56 9 7979 6841.","137","877","fletes Pedro Aguirre Cerda, fletes y mudanzas Pedro Aguirre Cerda, flete Pedro Aguirre Cerda, fletes baratos Pedro Aguirre Cerda, fletes económicos Pedro Aguirre Cerda","167","Fletes en Pedro Aguirre Cerda","29","¿Por qué elegir FletesPro para fletes en Pedro Aguirre Cerda?","61","Opiniones de Nuestros Clientes","30","index, follow","","","https://fletespro.cl/fletes-pedro-aguirre-cerda","","","","","","68176","14690","14690","5,627","","302","77","3,922","40,097","Difícil","9,794","1","0","","224","111","0","94,870","175","94","0","3","3","0","","","","","f213f54e16e9afffcc3a8caf5dd793c0","0,169","Mon, 27 Apr 2026 18:15:49 GMT","","","","es-CL","1.1","","","","","","https://fletespro.cl/fletes-pedro-aguirre-cerda","2026-05-12 20:43:51"
"https://fletespro.cl/fletes-pirque","text/html;charset=utf-8","200","OK","Indexable","","Fletes Pirque | Fletes y encargos Pirque | FletesPro | FletesPro","64","545","Fletes en Pirque. Fletes y encargos Pirque. Servicio de fletes y mudanzas en Pirque y zona cordillera. Cotiza online. Presupuesto gratis. WhatsApp +56 9 7979 6841.","163","1016","fletes encargos pirque, fletes pirque, fletes en pirque, fletes y mudanzas pirque","81","Fletes en Pirque","16","Precios de fletes en Pirque","27","Rutas desde y hacia Pirque","26","index, follow","","","https://fletespro.cl/fletes-pirque","","","","","","76706","16671","16671","6,386","","790","147","5,374","48,565","Difícil","12,421","1","0","","224","111","0","94,870","175","94","0","3","3","0","","","","","cd16bf74520bcd0ded6be8c5da7d140e","0,221","Mon, 27 Apr 2026 18:15:51 GMT","","","","es-CL","1.1","","","","","","https://fletespro.cl/fletes-pirque","2026-05-12 20:43:51"
"https://fletespro.cl/fletes-san-pedro","text/html;charset=utf-8","200","OK","Indexable","","Fletes San Pedro | Fletes y mudanzas | FletesPro | FletesPro","60","527","Fletes en San Pedro. Fletes y mudanzas en la Región Metropolitana. Cotiza online. Presupuesto gratis. WhatsApp +56 9 7979 6841.","127","815","fletes San Pedro, fletes y mudanzas San Pedro, flete San Pedro, fletes baratos San Pedro, fletes económicos San Pedro","117","Fletes en San Pedro","19","¿Por qué elegir FletesPro para fletes en San Pedro?","51","Opiniones de Nuestros Clientes","30","index, follow","","","https://fletespro.cl/fletes-san-pedro","","","","","","67856","14688","14688","5,627","","287","77","3,727","45,053","Difícil","9,604","1","0","","224","111","0","94,870","175","94","0","3","3","0","","","","","62fe84f54459f862beade0f04037ee67","0,470","Mon, 27 Apr 2026 18:15:53 GMT","","","","es-CL","1.1","","","","","","https://fletespro.cl/fletes-san-pedro","2026-05-12 20:43:51"
"https://fletespro.cl/mudanzas-huechuraba","text/html;charset=utf-8","200","OK","Indexable","","Mudanzas Huechuraba | Mudanzas en Huechuraba | FletesPro","56","551","Mudanzas en Huechuraba. Cotiza online. Presupuesto gratis. Salvoconducto, ayudantes. Zona norte Santiago. WhatsApp +56 9 7979 6841.","131","866","mudanzas Huechuraba, mudanzas en Huechuraba, fletes Huechuraba, mudanzas norte Santiago, empresa mudanzas Huechuraba","116","Mudanzas en Huechuraba","22","Precios de mudanzas en Huechuraba","33","Rutas que cubrimos desde Huechuraba","35","index, follow","","","https://fletespro.cl/mudanzas-huechuraba","","","","","","75021","16176","16176","6,197","","430","110","3,909","20,092","Muy difícil","10,229","1","0","","114","111","0","94,870","175","94","0","3","3","0","","","","","c4ed9ca839d6251f5f924a5ae019b74a","0,135","Mon, 27 Apr 2026 18:16:02 GMT","","","","es-CL","1.1","","","","","","https://fletespro.cl/mudanzas-huechuraba","2026-05-12 20:43:51"
"https://fletespro.cl/fletes-las-condes","text/html;charset=utf-8","200","OK","Indexable","","Fletes Las Condes | Fletes y mudanzas | Precios y cotización | FletesPro | FletesPro","84","731","Fletes en Las Condes y mudanzas en la comuna. Fletes baratos y económicos, camioneta y furgón. Rutas a Santiago centro, La Florida, Chicureo. Cotiza por WhatsApp o calculadora. Presupuesto gratis.","196","1249","fletes las condes, flete camioneta las condes, fletes baratos en las condes, fletes economicos las condes, fletes santiago las condes, cuanto me sale un flete de algarrobo a las condes, cuanto sale un flete desde maitencillo a las condes, flete chicureo las condes, flete economico las condes, flete furgon en las condes, flete las condes a san ramon, flete las condes a santiago centro, flete las condes pequeño, fletes baratos en las condes-la serena-santiago, fletes baratos las condes, fletes baratos las condes celular, fletes desde las condes a la florida, fletes economicos en las condes, fletes economicos las condes chile, fletes en comuna de las condes, fletes inmediatos en las condes, fletes sodimac av las condes, fletes traslado las condes, fletes y mudanzas en las condes, fletes y mudanzas en las condes valores, fletes y mudanzas las condes, mini fletes las condes, valor fletes a las condes","908","Fletes en Las Condes","20","Precios y valores de fletes en Las Condes","41","Rutas desde y hacia Las Condes","30","index, follow","","","https://fletespro.cl/fletes-las-condes","","","","","","82977","18313","18313","7,015","","1110","200","5,550","48,541","Difícil","13,731","1","0","","225","111","0","94,870","176","94","0","3","3","0","","","","","e6664628dbe7da8b6e9ad63a67b71bd","0,130","Mon, 27 Apr 2026 18:15:45 GMT","","","","es-CL","1.1","","","","","","https://fletespro.cl/fletes-las-condes","2026-05-12 20:43:51"
"https://fletespro.cl/fletes-penalolen","text/html;charset=utf-8","200","OK","Indexable","","Fletes Peñalolén | Fletes baratos y económicos | Flete Maipú a Peñalolén | FletesPro | FletesPro","96","838","Fletes en Peñalolén. Fletes baratos Peñalolén, fletes económicos Peñalolén. Flete Maipú a Peñalolén, fletes Peñalolén Cerrillos, fletes de Peñalolén a Lampa. Flete Sodimac Peñalolén. Cotiza gratis.","197","1212","fletes peñalolen, fletes baratos peñalolen, cuanto sale un flete entre peñalolen y vicuña mackenna, flete camioneta peñalolen, flete en peñalolen, flete maipu a peñalolen, flete sodimac peñalolen, fletes baratos peñalolen economicos, fletes comedor peñalolen economicos, fletes de nogales a peñalolen, fletes de peñalolen a lampa, fletes economicos en peñalolen, fletes economicos peñalolen, fletes hoy peñalolen, fletes macul peñalolen, fletes para peñalolen, fletes peñalolen cerrillos, fletes peñalolen economicos, fletes peñalolen urgente, fletes y mudanzas en peñalolen, servicio de fletes en peñalolen","607","Fletes en Peñalolén","19","Precios de fletes en Peñalolén","30","Rutas desde y hacia Peñalolén","29","index, follow","","","https://fletespro.cl/fletes-penalolen","","","","","","81183","17421","17421","6,674","","1028","192","5,354","34,093","Difícil","14,165","1","0","","224","111","0","94,870","175","94","0","3","3","0","","","","","5c785692563aa093a1a1793514b5bec2","0,128","Mon, 27 Apr 2026 18:15:49 GMT","","","","es-CL","1.1","","","","","","https://fletespro.cl/fletes-penalolen","2026-05-12 20:43:51"
"https://fletespro.cl/fletes-puente-alto","text/html;charset=utf-8","200","OK","Indexable","","Fletes Puente Alto | Fletes baratos y económicos Puente Alto | FletesPro | FletesPro","84","737","Fletes en Puente Alto. Fletes baratos y económicos Puente Alto. Camión 3/4 y camioneta. Fletes Puente Alto Quilicura, Isla de Maipo, San Joaquín, El Bosque. Outlet y Homecenter. Cotiza online. Presupuesto gratis. WhatsApp +56 9 7979 6841.","238","1507","fletes puente alto, fletes economicos puente alto, fletes baratos puente alto, fletes y mudanzas puente alto, camion 3 4 puente alto, fletes puente alto quilicura, flete isla de maipo puente alto, homecenter puente alto fletes, yapo fletes puente alto","251","Fletes en Puente Alto","21","Precios de fletes en Puente Alto","32","Rutas de fletes desde y hacia Puente Alto","41","index, follow","","","https://fletespro.cl/fletes-puente-alto","","","","","","79883","17422","17422","6,674","","1019","178","5,725","52,746","Bastante difícil","13,466","1","0","","224","111","0","94,870","176","94","0","3","3","0","","","","","4b75814f9747b5704cdad4f923e3ef39","0,426","Mon, 27 Apr 2026 18:15:51 GMT","","","","es-CL","1.1","","","","","","https://fletespro.cl/fletes-puente-alto","2026-05-12 20:43:51"
"https://fletespro.cl/fletes-lo-prado","text/html;charset=utf-8","200","OK","Indexable","","Fletes Lo Prado | Flete Cerrillos a Lo Prado | Flete Lo Prado a Lampa | FletesPro | FletesPro","93","793","Fletes en Lo Prado. Flete de Cerrillos a Lo Prado, flete de Lo Prado a Lampa. Flete Lo Prado hoy, fletes camión 3/4 Lo Prado, fletes económicos Lo Prado. Cotiza gratis.","168","1028","fletes lo prado, flete de cerrillos a lo prado, flete de cerrillo a lo prado valor, flete de lo prado a lampa, flete lo prado hoy, flete santibañez lo prado, fletes camion 3 4 lo prado, fletes economicos lo prado","212","Fletes en Lo Prado","18","Precios de fletes en Lo Prado","29","Rutas desde y hacia Lo Prado","28","index, follow","","","https://fletespro.cl/fletes-lo-prado","","","","","","79986","17355","17355","6,648","","993","171","5,807","56,192","Bastante difícil","13,041","1","0","","224","111","0","94,870","176","94","0","3","3","0","","","","","f0a8070a5f3f64d64554d27a5984c698","0,764","Mon, 27 Apr 2026 18:15:49 GMT","","","","es-CL","1.1","","","","","","https://fletespro.cl/fletes-lo-prado","2026-05-12 20:43:51"
"https://fletespro.cl/bodegaje/santiago-centro","text/html;charset=utf-8","200","OK","No indexable","Canonicalizada","Bodegaje y Arriendo de Bodegas en Santiago | FletesPro | FletesPro","66","595","Bodegaje y arriendo de bodegas en Santiago y Región Metropolitana. Tarifa base desde $6.500 CLP por m³ al mes. Espacios climatizados, vigilados 24h. Recogida a domicilio. Acceso online. Calculadora de bodegaje. Presupuesto gratis sin compromiso.","245","1565","bodegaje Santiago, arriendo bodega Santiago, bodegaje Región Metropolitana, guardar muebles Santiago, arriendo bodega guardar cosas, mini bodegas Santiago, bodegaje precios, precio bodegaje mes, almacenamiento Santiago, bodegas particulares, bodegas empresas, bodegaje con mudanza, self storage Santiago, espacios almacenamiento Región Metropolitana","349","Bodegaje y Arriendo de Bodegas en Santiago","42","Calculadora de Bodegaje","23","Servicio de Recogida a Domicilio","32","index, follow","","","https://fletespro.cl/bodegaje","","","","","","115006","21148","21148","8,101","","1009","259","3,896","23,200","Muy difícil","10,175","1","1","","232","111","0","94,870","176","94","0","2","2","0","","","","","3b271daabb9866b47be819747120375d","0,158","Mon, 27 Apr 2026 18:15:57 GMT","","","","es-CL","1.1","","","","","","https://fletespro.cl/bodegaje/santiago-centro","2026-05-12 20:43:51"
"https://fletespro.cl/fletes-talagante","text/html;charset=utf-8","200","OK","Indexable","","Fletes Talagante | Fletes Santiago Talagante, Flete Talagante Vitacura | FletesPro | FletesPro","94","814","Fletes Talagante. Fletes Santiago Talagante. Flete Talagante Vitacura. Valor flete Santiago a Talagante. Fletes y mudanzas Talagante. Cotiza online. Presupuesto gratis. WhatsApp +56 9 7979 6841.","194","1222","fletes talagante, flete a talagante, flete camion talagante, flete talagante vitacura, fletes santiago talagante, valor de flete santiago a talagante, fletes y mudanzas en talagante","181","Fletes en Talagante","19","Precios de fletes en Talagante","30","Rutas de fletes desde y hacia Talagante","39","index, follow","","","https://fletespro.cl/fletes-talagante","","","","","","77059","16574","16574","6,349","","750","153","4,902","32,096","Difícil","12,469","1","0","","224","111","0","94,870","175","94","0","3","3","0","","","","","e63ddc5f54b25af1528a7ed88bd87db3","0,112","Mon, 27 Apr 2026 18:15:55 GMT","","","","es-CL","1.1","","","","","","https://fletespro.cl/fletes-talagante","2026-05-12 20:43:51"
"https://fletespro.cl/contacto","text/html;charset=utf-8","200","OK","Indexable","","Contacto - Mudanzas Santiago | Presupuesto Gratis | FletesPro | FletesPro","73","653","Contacta con FletesPro para mudanzas baratas, mudanzas económicas y servicio de mudanza en Santiago. Solicita presupuesto gratis y cotiza tu mudanza online.","156","1008","contacto mudanzas, presupuesto mudanza, cotizar mudanza, empresa de mudanzas, mudanzas baratas, mudanzas económicas, servicio de mudanza, empresas de mudanzas, mudanzas Santiago, mudanzas Región Metropolitana, mudanzas Chile","224","Contacto","8","Escríbenos por WhatsApp","23","¿Necesitas Presupuesto?","23","index, follow","","","https://fletespro.cl/contacto","","","","","","55543","12777","12777","4,895","","181","35","5,171","1,070","Muy difícil","10,944","1","0","","402","111","0","94,870","175","94","0","3","3","0","","","","","bd401c09ef46e8907eb13a2791b90e3","0,134","Mon, 27 Apr 2026 18:15:58 GMT","","","","es-CL","1.1","","","","","","https://fletespro.cl/contacto","2026-05-12 20:43:51"
"https://fletespro.cl/embalajes","text/html;charset=utf-8","200","OK","Indexable","","Embalaje Profesional en Santiago | FletesPro | FletesPro","56","494","Servicio de embalaje profesional para mudanzas en Santiago y Región Metropolitana. Embalaje completo a domicilio con materiales incluidos. Embalaje de muebles, electrodomésticos y objetos frágiles. Presupuesto gratis.","217","1373","embalaje profesional Santiago, embalaje para mudanzas, embalaje mudanza, servicio embalaje profesional, embalaje completo, embalaje parcial, embalaje muebles, embalaje electrodomésticos, embalaje a domicilio, embalaje Región Metropolitana","238","Embalaje Profesional en Santiago","32","Tipos de Embalaje que Ofrecemos","31","Materiales Profesionales que Utilizamos","39","index, follow","","","https://fletespro.cl/embalajes","","","","","","108646","19614","19614","7,514","","869","206","4,218","9,404","Muy difícil","10,093","1","0","","351","111","0","94,870","178","94","0","2","2","0","","","","","c8b0a7a81f446c2b4d38d6b5a33c0bda","0,112","Mon, 27 Apr 2026 18:15:59 GMT","","","","es-CL","1.1","","","","","","https://fletespro.cl/embalajes","2026-05-12 20:43:51"
"https://fletespro.cl/fletes-cerrillos","text/html;charset=utf-8","200","OK","Indexable","","Fletes Cerrillos | Fletes y mudanzas | FletesPro | FletesPro","60","508","Fletes en Cerrillos. Fletes y mudanzas en la Región Metropolitana. Cotiza online. Presupuesto gratis. WhatsApp +56 9 7979 6841.","127","803","fletes Cerrillos, fletes y mudanzas Cerrillos, flete Cerrillos, fletes baratos Cerrillos, fletes económicos Cerrillos","117","Fletes en Cerrillos","19","¿Por qué elegir FletesPro para fletes en Cerrillos?","51","¿Necesitas guardar mientras te instalas?","40","index, follow","","","https://fletespro.cl/fletes-cerrillos","","","","","","68946","15035","15035","5,760","","298","82","3,634","36,785","Difícil","9,689","1","0","","224","111","0","94,870","176","94","0","3","3","0","","","","","5259ac472fa57d5afa64711e3210690e","0,205","Mon, 27 Apr 2026 18:15:45 GMT","","","","es-CL","1.1","","","","","","https://fletespro.cl/fletes-cerrillos","2026-05-12 20:43:51"
"https://fletespro.cl/fletes-lo-barnechea","text/html;charset=utf-8","200","OK","Indexable","","Fletes Lo Barnechea | Fletes económicos y mudanzas | FletesPro | FletesPro","74","671","Fletes en Lo Barnechea. Fletes económicos Lo Barnechea. Flete Melipilla Lo Barnechea, fletes y mudanzas en la comuna. Cotiza online. Presupuesto gratis. WhatsApp +56 9 7979 6841.","178","1143","fletes lo barnechea, flete melipilla lo barnechea, fletes economicos lo barnechea, fletes en lo barnechea","105","Fletes en Lo Barnechea","22","Precios de fletes en Lo Barnechea","33","Rutas desde y hacia Lo Barnechea","32","index, follow","","","https://fletespro.cl/fletes-lo-barnechea","","","","","","79179","17166","17166","6,576","","864","160","5,400","40,183","Difícil","12,775","1","0","","224","111","0","94,870","176","94","0","3","3","0","","","","","54c0c74dc445a0fc23d59d9fa782f70b","0,119","Mon, 27 Apr 2026 18:15:49 GMT","","","","es-CL","1.1","","","","","","https://fletespro.cl/fletes-lo-barnechea","2026-05-12 20:43:51"
"https://fletespro.cl/fletes-el-bosque","text/html;charset=utf-8","200","OK","Indexable","","Fletes El Bosque | Fletes baratos y mudanzas | Cotiza online | FletesPro | FletesPro","84","725","Fletes en El Bosque y fletes comuna El Bosque. Fletes baratos y económicos en El Bosque Santiago. Flete desde El Bosque a Puente Alto o a Buin. Fletes y mudanzas El Bosque. Cotiza gratis por WhatsApp.","200","1273","fletes el bosque, cuanto cuesta un flete de el bosque a buin, flete desde el bosque a puente alto, flete el bosque, fletes baratos en el bosque, fletes comuna el bosque, fletes economicos en el bosque, fletes el bosque mercado libre, fletes en el bosque, fletes en el bosque santiago, fletes y mudanzas el bosque","312","Fletes en El Bosque","19","Precios de fletes en El Bosque","30","Rutas desde y hacia El Bosque","29","index, follow","","","https://fletespro.cl/fletes-el-bosque","","","","","","78949","16911","16911","6,478","","931","162","5,747","59,699","Bastante difícil","12,799","1","0","","224","111","0","94,870","175","94","0","3","3","0","","","","","da507503e3e38b31379d1956d947a532","0,130","Mon, 27 Apr 2026 18:15:45 GMT","","","","es-CL","1.1","","","","","","https://fletespro.cl/fletes-el-bosque","2026-05-12 20:43:51"
"https://fletespro.cl/fletes-construccion","text/html;charset=utf-8","200","OK","Indexable","","Fletes para Constructoras | Fletes materiales construcción | FletesPro | FletesPro","82","713","Fletes para constructoras en la Región Metropolitana. Fletes de materiales de construcción, compras a pedido, arriendo de equipos. Personal shopper para constructoras. Cotiza por WhatsApp.","188","1193","flete de materiales construccion, fletes materiales construccion, fletes de materiales de construccion, arriendo fletes construccion, camion para fletes 20 toneladas construccion, flete de materiales construccion de santiago a san felipe, flete material construccion av matta, fletes para construccion, permiso para efectuar fletes transporte de materiales de construccion, precio arriendo fletes construccion","409","Fletes para constructoras en la Región Metropolitana","52","Servicios para constructoras","28","Fletes de materiales a regiones","31","index, follow","","","https://fletespro.cl/fletes-construccion","","","","","","71844","15822","15822","6,061","","346","84","4,119","21,962","Muy difícil","9,998","1","0","","225","111","0","94,870","175","94","0","3","3","0","","","","","4e2d91eeed1e8e2f927aa364dc05346c","0,226","Mon, 27 Apr 2026 18:15:58 GMT","","","","es-CL","1.1","","","","","","https://fletespro.cl/fletes-construccion","2026-05-12 20:43:52"
"https://fletespro.cl/mudanzas-la-cisterna","text/html;charset=utf-8","200","OK","Indexable","","Mudanzas La Cisterna | Mudanzas en La Cisterna | FletesPro","58","534","Mudanzas en La Cisterna. Cotiza online. Presupuesto gratis. Salvoconducto, ayudantes. Zona sur Santiago. WhatsApp +56 9 7979 6841.","130","847","mudanzas La Cisterna, mudanzas en La Cisterna, fletes La Cisterna, mudanzas sur Santiago, traslado La Cisterna","110","Mudanzas en La Cisterna","23","Precios de mudanzas en La Cisterna","34","Rutas que cubrimos desde La Cisterna","36","index, follow","","","https://fletespro.cl/mudanzas-la-cisterna","","","","","","75118","16208","16208","6,209","","469","112","4,188","33,926","Difícil","10,321","1","0","","114","111","0","94,870","175","94","0","3","3","0","","","","","ae2283a9ea6d251236ad798bffabd61a","0,182","Mon, 27 Apr 2026 18:16:02 GMT","","","","es-CL","1.1","","","","","","https://fletespro.cl/mudanzas-la-cisterna","2026-05-12 20:43:52"
"https://fletespro.cl/mudanzas/antiguedades","text/html;charset=utf-8","404","Page not found: /mudanzas/antiguedades","No indexable","Error de cliente","","0","0","","0","0","","0","","0","","0","","0","","","","","","","","","","0","0","0","0,000","","0","","","","","0,000","1","1","","111","111","0","94,870","0","0","0","0","0","0","","","","","","0,276","","","","","","1.1","","","","","","https://fletespro.cl/mudanzas/antiguedades","2026-05-12 20:43:52"
"https://fletespro.cl/fletes-alhue","text/html;charset=utf-8","200","OK","Indexable","","Fletes Alhué | Fletes y mudanzas | FletesPro | FletesPro","56","487","Fletes en Alhué. Fletes y mudanzas en la Región Metropolitana. Cotiza online. Presupuesto gratis. WhatsApp +56 9 7979 6841.","123","788","fletes Alhué, fletes y mudanzas Alhué, flete Alhué, fletes baratos Alhué, fletes económicos Alhué","97","Fletes en Alhué","15","¿Por qué elegir FletesPro para fletes en Alhué?","47","Opiniones de Nuestros Clientes","30","index, follow","","","https://fletespro.cl/fletes-alhue","","","","","","67754","14688","14688","5,627","","272","76","3,579","41,156","Difícil","9,528","1","0","","224","111","0","94,870","175","94","0","3","3","0","","","","","35f6098b4e8f4b12394cce7b32d05609","0,326","Mon, 27 Apr 2026 18:15:52 GMT","","","","es-CL","1.1","","","","","","https://fletespro.cl/fletes-alhue","2026-05-12 20:43:52"
"https://fletespro.cl/mudanzas","text/html; charset=utf-8","200","OK","No indexable","Redirigido","","0","0","","0","0","","0","","0","","0","","0","","","0; url=/mudanzas-santiago","","","","","","","104","111","111","0,043","","0","","","","","0,000","1","0","","119","111","0","94,870","0","0","0","0","0","0","","","","","8608d8e05ad2f2da1b29972d75155623","0,097","Mon, 27 Apr 2026 18:16:02 GMT","https://fletespro.cl/mudanzas-santiago","Redirección meta refresh","","","1.1","","","","","","https://fletespro.cl/mudanzas","2026-05-12 20:43:52"
"https://fletespro.cl/bodegaje/puente-alto","text/html;charset=utf-8","200","OK","No indexable","Canonicalizada","Bodegaje y Arriendo de Bodegas en Santiago | FletesPro | FletesPro","66","595","Bodegaje y arriendo de bodegas en Santiago y Región Metropolitana. Tarifa base desde $6.500 CLP por m³ al mes. Espacios climatizados, vigilados 24h. Recogida a domicilio. Acceso online. Calculadora de bodegaje. Presupuesto gratis sin compromiso.","245","1565","bodegaje Santiago, arriendo bodega Santiago, bodegaje Región Metropolitana, guardar muebles Santiago, arriendo bodega guardar cosas, mini bodegas Santiago, bodegaje precios, precio bodegaje mes, almacenamiento Santiago, bodegas particulares, bodegas empresas, bodegaje con mudanza, self storage Santiago, espacios almacenamiento Región Metropolitana","349","Bodegaje y Arriendo de Bodegas en Santiago","42","Calculadora de Bodegaje","23","Servicio de Recogida a Domicilio","32","index, follow","","","https://fletespro.cl/bodegaje","","","","","","114990","21152","21152","8,103","","1009","259","3,896","23,200","Muy difícil","10,173","1","1","","225","111","0","94,870","176","94","0","2","2","0","","","","","e2bc3c27670ca0d985dbe0dc162ef14a","0,136","Mon, 27 Apr 2026 18:15:57 GMT","","","","es-CL","1.1","","","","","","https://fletespro.cl/bodegaje/puente-alto","2026-05-12 20:43:52"
"https://fletespro.cl/fletes-isla-de-maipo","text/html;charset=utf-8","200","OK","Indexable","","Fletes Isla de Maipo | Fletes y mudanzas | FletesPro | FletesPro","64","553","Fletes en Isla de Maipo. Fletes y mudanzas en la Región Metropolitana. Cotiza online. Presupuesto gratis. WhatsApp +56 9 7979 6841.","131","835","flete camion de isla de maipo a puente alto, flete de isla de maipo a puente alto, flete maquinaria isla de maipo, fleted en isla de maipo, fletes en isla de maipo","163","Fletes en Isla de Maipo","23","¿Por qué elegir FletesPro para fletes en Isla de Maipo?","55","Opiniones de Nuestros Clientes","30","index, follow","","","https://fletespro.cl/fletes-isla-de-maipo","","","","","","68034","14714","14714","5,637","","310","76","4,079","51,506","Bastante difícil","9,712","1","0","","224","111","0","94,870","175","94","0","3","3","0","","","","","bd47133754d64dafb2068fc79484ab03","0,120","Mon, 27 Apr 2026 18:15:53 GMT","","","","es-CL","1.1","","","","","","https://fletespro.cl/fletes-isla-de-maipo","2026-05-12 20:43:52"
"https://fletespro.cl/fletes-independencia","text/html;charset=utf-8","200","OK","Indexable","","Fletes Independencia | Fletes baratos, camión rampla y camioneta | FletesPro | FletesPro","88","781","Fletes en Independencia. Fletes baratos y económicos Independencia. Flete camión rampla Independencia y flete camioneta Independencia. Fletes desde Independencia a La Reina, a Pudahuel, San Joaquín. Fletes Santiago centro Independencia. Cotiza gratis.","251","1605","fletes independencia, flete camion rampla independencia, flete camioneta independencia, flete desde independencia a la reina, flete en independencia, fletes baratos en independencia, fletes baratos independencia, fletes comuna de independencia a pudahuel, fletes comuna independencia, fletes de san joaquin a independencia, fletes economicos desde independencia a la reina, fletes economicos independencia, fletes independencia baratos, fletes independencia santiago, fletes por independencia, fletes santiago centro independencia","530","Fletes en Independencia","23","Precios de fletes en Independencia","34","Rutas desde y hacia Independencia","33","index, follow","","","https://fletespro.cl/fletes-independencia","","","","","","81146","17397","17397","6,664","","878","171","5,135","10,744","Muy difícil","13,246","1","0","","224","111","0","94,870","176","94","0","3","3","0","","","","","998b4cb31ceb78e417163f070ff6feae","1,055","Mon, 27 Apr 2026 18:15:45 GMT","","","","es-CL","1.1","","","","","","https://fletespro.cl/fletes-independencia","2026-05-12 20:43:51"
"https://fletespro.cl/fletes-la-cisterna","text/html;charset=utf-8","200","OK","Indexable","","Fletes La Cisterna | Camionetas y mudanzas | Fletes económicos | FletesPro | FletesPro","86","770","Fletes en La Cisterna. Camionetas para fletes La Cisterna. Flete La Cisterna a Estación Central, flete mudanza La Cisterna, fletes económicos La Cisterna. Fletes y mudanzas La Cisterna. Cotiza gratis.","200","1229","fletes la cisterna, camionetas para fletes la cisterna, flete en la cisterna, flete la cisterna a estacion central, flete mudanza la cisterna, flete san ramon la cisterna, fletes economicos en la cisterna, fletes economicos la cisterna, fletes mudanzas la cisterna, fletes y mudanzas la cisterna","295","Fletes en La Cisterna","21","Precios de fletes en La Cisterna","32","Rutas desde y hacia La Cisterna","31","index, follow","","","https://fletespro.cl/fletes-la-cisterna","","","","","","79730","16998","16998","6,512","","976","172","5,674","39,157","Difícil","13,503","1","0","","224","111","0","94,870","175","94","0","3","3","0","","","","","9d0fd0b869f6560d010c5ab2c0558c78","0,318","Mon, 27 Apr 2026 18:15:45 GMT","","","","es-CL","1.1","","","","","","https://fletespro.cl/fletes-la-cisterna","2026-05-12 20:43:52"
"https://fletespro.cl/blog/como-mudarse-con-mascotas-santiago-guia","text/html;charset=utf-8","200","OK","No indexable","Canonicalizada","Cómo mudarse con mascotas en Santiago: guía para no volverse loco (ni ellos tampoco) | Blog FletesPro | FletesPro","113","1022","Cómo mudarse con mascotas en Santiago sin estrés: perro, gato, transporte y día D. Consejos y opciones de traslado. Guía práctica. Cotiza tu mudanza.","149","941","fletes, mudanzas, Santiago, regiones Chile, fletes baratos, blog fletes","71","Cómo mudarse con mascotas en Santiago: guía para no volverse loco (ni ellos tampoco)","84","Tabla de contenidos","19","Cómo mudarse con mascotas en Santiago: guía para no volverse loco (ni ellos tampoco)","84","index, follow","","","https://fletespro.clundefined/","","","","","","75870","20136","20136","7,714","","1960","253","7,747","45,483","Difícil","22,148","1","1","","37","6","0","5,130","232","100","0","2","2","0","","","","","96d2a1ab845291cb6ef8f93057bb200f","0,220","Mon, 27 Apr 2026 18:16:17 GMT","","","","es-CL","1.1","","","","","","https://fletespro.cl/blog/como-mudarse-con-mascotas-santiago-guia","2026-05-12 20:43:52"
"https://fletespro.cl/mudanzas-san-miguel","text/html;charset=utf-8","200","OK","Indexable","","Mudanzas San Miguel | Mudanzas en San Miguel | FletesPro","56","531","Mudanzas en San Miguel. Cotiza online. Presupuesto gratis. Salvoconducto, ayudantes. Zona sur Santiago. WhatsApp +56 9 7979 6841.","129","846","mudanzas San Miguel, mudanzas en San Miguel, servicio mudanzas San Miguel, fletes San Miguel, mudanzas zona sur Santiago","120","Mudanzas en San Miguel","22","Precios de mudanzas en San Miguel","33","Rutas que cubrimos desde San Miguel","35","index, follow","","","https://fletespro.cl/mudanzas-san-miguel","","","","","","75057","16195","16195","6,204","","461","113","4,080","35,513","Difícil","10,274","1","0","","114","111","0","94,870","175","94","0","3","3","0","","","","","d2afa70d7149f07c9b170bc93795278c","0,158","Mon, 27 Apr 2026 18:16:01 GMT","","","","es-CL","1.1","","","","","","https://fletespro.cl/mudanzas-san-miguel","2026-05-12 20:43:52"
"https://fletespro.cl/fletes-tiltil","text/html;charset=utf-8","200","OK","Indexable","","Fletes Til Til | Cuánto sale flete Santiago a Tiltil | FletesPro | FletesPro","76","607","Fletes Til Til. Cuánto sale un flete de Santiago a Tiltil. Fletes San Joaquín a Tiltil. Valor flete materiales Santiago centro a Tiltil. Cotiza online. Presupuesto gratis. WhatsApp +56 9 7979 6841.","197","1170","cuanto sale un flete de santiago a tiltil, flete de barnechea a tiltil cuanto sale, flete sodimac quilicual a tiltil valor, fletes de santiago tiltil, fletes san joaquin a tiltil, valor flete materiales santiago centro a tiltil","227","Fletes en Tiltil","16","Precios de fletes a Tiltil","26","Rutas de fletes desde y hacia Tiltil","36","index, follow","","","https://fletespro.cl/fletes-tiltil","","","","","","76134","16417","16417","6,289","","744","144","5,167","43,534","Difícil","12,106","1","0","","224","111","0","94,870","175","94","0","3","3","0","","","","","202a45e3fa573461456d53c156b6c251","0,468","Mon, 27 Apr 2026 18:15:52 GMT","","","","es-CL","1.1","","","","","","https://fletespro.cl/fletes-tiltil","2026-05-12 20:43:52"
"https://fletespro.cl/mudanzas/internacionales","text/html; charset=utf-8","200","OK","No indexable","Redirigido","","0","0","","0","0","","0","","0","","0","","0","","","0; url=/mudanzas-santiago","","","","","","","104","111","111","0,043","","0","","","","","0,000","1","1","","111","111","0","94,870","0","0","0","0","0","0","","","","","8608d8e05ad2f2da1b29972d75155623","0,107","Mon, 27 Apr 2026 18:16:02 GMT","https://fletespro.cl/mudanzas-santiago","Redirección meta refresh","","","1.1","","","","","","https://fletespro.cl/mudanzas/internacionales","2026-05-12 20:43:52"
"https://fletespro.cl/bodegaje/la-florida","text/html;charset=utf-8","200","OK","No indexable","Canonicalizada","Bodegaje y Arriendo de Bodegas en Santiago | FletesPro | FletesPro","66","595","Bodegaje y arriendo de bodegas en Santiago y Región Metropolitana. Tarifa base desde $6.500 CLP por m³ al mes. Espacios climatizados, vigilados 24h. Recogida a domicilio. Acceso online. Calculadora de bodegaje. Presupuesto gratis sin compromiso.","245","1565","bodegaje Santiago, arriendo bodega Santiago, bodegaje Región Metropolitana, guardar muebles Santiago, arriendo bodega guardar cosas, mini bodegas Santiago, bodegaje precios, precio bodegaje mes, almacenamiento Santiago, bodegas particulares, bodegas empresas, bodegaje con mudanza, self storage Santiago, espacios almacenamiento Región Metropolitana","349","Bodegaje y Arriendo de Bodegas en Santiago","42","Calculadora de Bodegaje","23","Servicio de Recogida a Domicilio","32","index, follow","","","https://fletespro.cl/bodegaje","","","","","","114986","21156","21156","8,104","","1009","259","3,896","23,200","Muy difícil","10,173","1","1","","225","111","0","94,870","176","94","0","2","2","0","","","","","f7df314c69301be7e44ef6f1e4bf1190","0,198","Mon, 27 Apr 2026 18:15:55 GMT","","","","es-CL","1.1","","","","","","https://fletespro.cl/bodegaje/la-florida","2026-05-12 20:43:52"
"https://fletespro.cl/_nuxt/PortesCalculator.BDSpLBIM.css","text/css; charset=utf-8","200","OK","Indexable","","","0","0","","0","0","","0","","0","","0","","0","","","","","","","","","","1379","1379","1379","0,528","","0","","","","","0,000","1","1","","0","0","0","0,000","0","0","0","0","0","0","","","","","","0,128","Mon, 27 Apr 2026 18:16:30 GMT","","","","","1.1","","","","","","https://fletespro.cl/_nuxt/PortesCalculator.BDSpLBIM.css","2026-05-12 20:43:52"
"https://fletespro.cl/fletes-la-granja","text/html;charset=utf-8","200","OK","Indexable","","Fletes La Granja | Fletes baratos y económicos | Valor flete Metro | FletesPro | FletesPro","90","769","Fletes en La Granja. Fletes baratos y económicos La Granja. Valor de flete desde La Granja a Conchalí, valor flete Metro La Granja a Metro Vespucio Norte. Fletes comuna La Granja. Cotiza gratis.","194","1193","fletes en la granja, fletes baratos en la granja, fletes comuna la granja, fletes economicos la granja, valor de flete desde la granja a conchali, valor flete desde metro la granja a metro vespucio norte","203","Fletes en La Granja","19","Precios y valor de flete en La Granja","37","Rutas desde y hacia La Granja","29","index, follow","","","https://fletespro.cl/fletes-la-granja","","","","","","78428","16708","16708","6,401","","907","153","5,928","48,501","Difícil","12,879","1","0","","224","111","0","94,870","175","94","0","3","3","0","","","","","cbff0ad7591c167a56e5542226bc1c0a","0,146","Mon, 27 Apr 2026 18:15:45 GMT","","","","es-CL","1.1","","","","","","https://fletespro.cl/fletes-la-granja","2026-05-12 20:43:52"
"https://fletespro.cl/fletes-providencia","text/html;charset=utf-8","200","OK","Indexable","","Fletes Providencia | Fletes baratos y económicos Providencia | FletesPro | FletesPro","84","738","Fletes en Providencia. Fletes baratos y económicos Providencia. Servicio de fletes y mudanzas en Providencia, La Reina, Ñuñoa, Estación Central. Mini fletes y fletes pequeños. Cotiza online. Presupuesto gratis. WhatsApp +56 9 7979 6841.","236","1479","fletes providencia, fletes economicos providencia, flete barato providencia, fletes baratos providencia, fletes y mudanzas providencia, fletes desde providencia, fletes entre providencia y la reina, servicio de fletes providencia, mini fletes providencia, fletes pequeños providencia","283","Fletes en Providencia","21","Precios de fletes en Providencia","32","Rutas de fletes desde y hacia Providencia","41","index, follow","","","https://fletespro.cl/fletes-providencia","","","","","","79693","17280","17280","6,620","","929","179","5,190","28,907","Muy difícil","13,432","1","0","","225","111","0","94,870","176","94","0","3","3","0","","","","","7412426aa2c6a90d1b45600fdca7659a","0,112","Mon, 27 Apr 2026 18:15:49 GMT","","","","es-CL","1.1","","","","","","https://fletespro.cl/fletes-providencia","2026-05-12 20:43:52"
"https://fletespro.cl/legal","text/html;charset=utf-8","404","Page not found: /legal","No indexable","Error de cliente","","0","0","","0","0","","0","","0","","0","","0","","","","","","","","","","0","0","0","0,000","","0","","","","","0,000","1","0","","111","111","0","94,870","0","0","0","0","0","0","","","","","","0,176","","","","","","1.1","","","","","","https://fletespro.cl/legal","2026-05-12 20:43:52"
"https://fletespro.cl/fletes-quinta-normal","text/html;charset=utf-8","200","OK","Indexable","","Fletes Quinta Normal | Fletes baratos y económicos Quinta Normal | FletesPro | FletesPro","88","785","Fletes en Quinta Normal. Fletes baratos y económicos Quinta Normal. Fletes chicos Santiago Quinta Normal. Furgón y fletes y mudanzas Quinta Normal. Valor flete Quinta Normal a Concepción. Cotiza online. Presupuesto gratis. WhatsApp +56 9 7979 6841.","248","1590","fletes quinta normal, fletes economicos quinta normal, fletes baratos quinta normal, fletes chicos quinta normal, fletes y mudanzas quinta normal, furgon fletes quinta normal, valor flete quinta normal concepcion","212","Fletes en Quinta Normal","23","Precios de fletes en Quinta Normal","34","Rutas de fletes desde y hacia Quinta Normal","43","index, follow","","","https://fletespro.cl/fletes-quinta-normal","","","","","","79564","17307","17307","6,630","","977","177","5,520","44,069","Difícil","13,533","1","0","","224","111","0","94,870","176","94","0","3","3","0","","","","","8c1a6af34f16837e489e824b471c826b","0,284","Mon, 27 Apr 2026 18:15:49 GMT","","","","es-CL","1.1","","","","","","https://fletespro.cl/fletes-quinta-normal","2026-05-12 20:43:52"
"https://fletespro.cl/bodegaje/las-condes","text/html;charset=utf-8","200","OK","No indexable","Canonicalizada","Bodegaje y Arriendo de Bodegas en Santiago | FletesPro | FletesPro","66","595","Bodegaje y arriendo de bodegas en Santiago y Región Metropolitana. Tarifa base desde $6.500 CLP por m³ al mes. Espacios climatizados, vigilados 24h. Recogida a domicilio. Acceso online. Calculadora de bodegaje. Presupuesto gratis sin compromiso.","245","1565","bodegaje Santiago, arriendo bodega Santiago, bodegaje Región Metropolitana, guardar muebles Santiago, arriendo bodega guardar cosas, mini bodegas Santiago, bodegaje precios, precio bodegaje mes, almacenamiento Santiago, bodegas particulares, bodegas empresas, bodegaje con mudanza, self storage Santiago, espacios almacenamiento Región Metropolitana","349","Bodegaje y Arriendo de Bodegas en Santiago","42","Calculadora de Bodegaje","23","Servicio de Recogida a Domicilio","32","index, follow","","","https://fletespro.cl/bodegaje","","","","","","114986","21141","21141","8,099","","1009","259","3,896","23,200","Muy difícil","10,173","1","1","","225","111","0","94,870","176","94","0","2","2","0","","","","","eda94e8438c49e81519e7c41152ca347","0,144","Mon, 27 Apr 2026 18:15:55 GMT","","","","es-CL","1.1","","","","","","https://fletespro.cl/bodegaje/las-condes","2026-05-12 20:43:52"
"https://fletespro.cl/bodegaje/nunoa","text/html;charset=utf-8","200","OK","No indexable","Canonicalizada","Bodegaje y Arriendo de Bodegas en Santiago | FletesPro | FletesPro","66","595","Bodegaje y arriendo de bodegas en Santiago y Región Metropolitana. Tarifa base desde $6.500 CLP por m³ al mes. Espacios climatizados, vigilados 24h. Recogida a domicilio. Acceso online. Calculadora de bodegaje. Presupuesto gratis sin compromiso.","245","1565","bodegaje Santiago, arriendo bodega Santiago, bodegaje Región Metropolitana, guardar muebles Santiago, arriendo bodega guardar cosas, mini bodegas Santiago, bodegaje precios, precio bodegaje mes, almacenamiento Santiago, bodegas particulares, bodegas empresas, bodegaje con mudanza, self storage Santiago, espacios almacenamiento Región Metropolitana","349","Bodegaje y Arriendo de Bodegas en Santiago","42","Calculadora de Bodegaje","23","Servicio de Recogida a Domicilio","32","index, follow","","","https://fletespro.cl/bodegaje","","","","","","114966","21158","21158","8,105","","1009","259","3,896","23,200","Muy difícil","10,170","1","1","","225","111","0","94,870","176","94","0","2","2","0","","","","","730bac1fda022520d5034fdd1d0ca249","0,116","Mon, 27 Apr 2026 18:15:55 GMT","","","","es-CL","1.1","","","","","","https://fletespro.cl/bodegaje/nunoa","2026-05-12 20:43:53"
"https://fletespro.cl/blog/que-pasa-si-hago-mudanza-sin-salvoconducto","text/html;charset=utf-8","200","OK","Indexable","","| FletesPro","11","94","Fletes Santiago económicos desde $27.000. Cotización online instantánea, calculadora de precios, mudanzas y transporte en RM. Servicio 24/7. WhatsApp +56979796841.","163","1067","","0","Artículo no encontrado","22","","0","","0","index, follow","","","","","","","","","49224","11704","11704","4,484","","19","7","2,714","57,143","Bastante difícil","9,924","2","1","","6","4","0","3,420","177","95","0","2","2","0","","","","","66676d59f440a2ab68308cbe2ab72d3b","0,123","Mon, 27 Apr 2026 18:16:28 GMT","","","","es-CL","1.1","","","","","","https://fletespro.cl/blog/que-pasa-si-hago-mudanza-sin-salvoconducto","2026-05-12 20:43:53"
"https://fletespro.cl/blog/como-hacer-una-mudanza-correctamente","text/html;charset=utf-8","200","OK","Indexable","","| FletesPro","11","94","Fletes Santiago económicos desde $27.000. Cotización online instantánea, calculadora de precios, mudanzas y transporte en RM. Servicio 24/7. WhatsApp +56979796841.","163","1067","","0","Artículo no encontrado","22","","0","","0","index, follow","","","","","","","","","49194","11704","11704","4,484","","19","7","2,714","57,143","Bastante difícil","9,918","2","1","","7","4","0","3,420","177","95","0","2","2","0","","","","","9a583681f4ccd1d84d74ecf732309293","0,138","Mon, 27 Apr 2026 18:16:28 GMT","","","","es-CL","1.1","","","","","","https://fletespro.cl/blog/como-hacer-una-mudanza-correctamente","2026-05-12 20:43:53"
"https://fletespro.cl/bodegaje/lo-barnechea","text/html;charset=utf-8","200","OK","No indexable","Canonicalizada","Bodegaje y Arriendo de Bodegas en Santiago | FletesPro | FletesPro","66","595","Bodegaje y arriendo de bodegas en Santiago y Región Metropolitana. Tarifa base desde $6.500 CLP por m³ al mes. Espacios climatizados, vigilados 24h. Recogida a domicilio. Acceso online. Calculadora de bodegaje. Presupuesto gratis sin compromiso.","245","1565","bodegaje Santiago, arriendo bodega Santiago, bodegaje Región Metropolitana, guardar muebles Santiago, arriendo bodega guardar cosas, mini bodegas Santiago, bodegaje precios, precio bodegaje mes, almacenamiento Santiago, bodegas particulares, bodegas empresas, bodegaje con mudanza, self storage Santiago, espacios almacenamiento Región Metropolitana","349","Bodegaje y Arriendo de Bodegas en Santiago","42","Calculadora de Bodegaje","23","Servicio de Recogida a Domicilio","32","index, follow","","","https://fletespro.cl/bodegaje","","","","","","114994","21154","21154","8,104","","1009","259","3,896","23,200","Muy difícil","10,174","1","1","","225","111","0","94,870","176","94","0","2","2","0","","","","","42c4ca82512c1a4f1761328a6bf4f997","0,417","Mon, 27 Apr 2026 18:15:55 GMT","","","","es-CL","1.1","","","","","","https://fletespro.cl/bodegaje/lo-barnechea","2026-05-12 20:43:52"
"https://fletespro.cl/_nuxt/TransporteFrioCalculator.DiRSI2Ab.css","text/css; charset=utf-8","200","OK","Indexable","","","0","0","","0","0","","0","","0","","0","","0","","","","","","","","","","342","342","342","0,131","","0","","","","","0,000","2","1","","0","0","0","0,000","0","0","0","0","0","0","","","","","","0,185","Mon, 27 Apr 2026 18:16:30 GMT","","","","","1.1","","","","","","https://fletespro.cl/_nuxt/TransporteFrioCalculator.DiRSI2Ab.css","2026-05-12 20:43:53"
"https://fletespro.cl/blog/cuanto-cuesta-una-mudanza-en-santiago-2026-precios-reales-por-m3","text/html;charset=utf-8","200","OK","No indexable","Canonicalizada","¿Cuánto cuesta una mudanza en Santiago en 2026? Precios reales por m³ | Blog FletesPro | FletesPro","98","895","Precios reales de mudanza en Santiago 2026 por m³. Rangos pequeño/mediano/grande, qué afecta el costo y cómo ahorrar. Cotiza en línea con nuestra calculadora.","158","1021","fletes, mudanzas, Santiago, regiones Chile, fletes baratos, blog fletes","71","¿Cuánto cuesta una mudanza en Santiago en 2026? Precios reales por m³","69","Tabla de contenidos","19","¿Cuánto cuesta una mudanza en Santiago en 2026? Precios reales por m³","69","index, follow","","","https://fletespro.clundefined/","","","","","","72946","18916","18916","7,246","","1574","254","6,197","48,706","Difícil","20,054","2","1","","55","10","0","8,550","216","97","0","2","2","0","","","","","78bf30e67cd9e70e45d975f27749d180","0,150","Mon, 27 Apr 2026 18:16:17 GMT","","","","es-CL","1.1","","","","","","https://fletespro.cl/blog/cuanto-cuesta-una-mudanza-en-santiago-2026-precios-reales-por-m3","2026-05-12 20:43:53"
"https://fletespro.cl/blog/cuantos-dias-por-ley-te-dan-por-mudanza-en-chile","text/html;charset=utf-8","200","OK","No indexable","Canonicalizada","Cuántos días por ley te dan por mudanza en Chile: guía 2026 | Blog FletesPro | FletesPro","88","776","¿Cuántos días por ley te dan por mudanza? El Código del Trabajo no exige un permiso universal. Guía sobre permisos pactados, 5 días y alternativas.","147","919","fletes, mudanzas, Santiago, regiones Chile, fletes baratos, blog fletes","71","Cuántos días por ley te dan por mudanza en Chile: guía 2026","59","Tabla de contenidos","19","Cuántos días por ley te dan por mudanza en Chile","48","index, follow","","","https://fletespro.clundefined/","","","","","","72603","18659","18659","7,148","","1491","223","6,686","41,119","Difícil","19,530","2","1","","29","4","0","3,420","227","101","0","2","2","0","","","","","6c084afad2476269303bc6dfbcf81364","0,201","Mon, 27 Apr 2026 18:16:17 GMT","","","","es-CL","1.1","","","","","","https://fletespro.cl/blog/cuantos-dias-por-ley-te-dan-por-mudanza-en-chile","2026-05-12 20:43:53"
"https://fletespro.cl/blog/las-15-mejores-empresas-de-logistica-para-ecommerce-en-chile-en-2026","text/html;charset=utf-8","200","OK","No indexable","Canonicalizada","Las 15 mejores empresas de logística para ecommerce en Chile en 2026 | Blog FletesPro | FletesPro","97","882","Ranking de las 15 mejores empresas de logística para tiendas online en Chile. Encuentra el partner ideal para tu negocio de ecommerce en 2026.","142","896","fletes, mudanzas, Santiago, regiones Chile, fletes baratos, blog fletes","71","Las 15 mejores empresas de logística para ecommerce en Chile en 2026","68","Tabla de contenidos","19","Las 15 mejores empresas de logística para ecommerce en Chile en 2026","68","index, follow","","","https://fletespro.clundefined/","","","","","","62030","15231","15231","5,835","","511","86","5,942","30,114","Difícil","13,430","2","1","","24","2","0","1,710","206","98","0","2","2","0","","","","","2279cac4ec273c2703b57b31c22034ba","0,342","Mon, 27 Apr 2026 18:16:17 GMT","","","","es-CL","1.1","","","","","","https://fletespro.cl/blog/las-15-mejores-empresas-de-logistica-para-ecommerce-en-chile-en-2026","2026-05-12 20:43:53"
"https://fletespro.cl/blog/cuanto-tiempo-dura-una-mudanza-tiempos-reales","text/html;charset=utf-8","200","OK","No indexable","Canonicalizada","¿Cuánto tiempo dura una mudanza? Tiempos reales según el tamaño de tu hogar | Blog FletesPro | FletesPro","104","959","¿Cuánto demora una mudanza? Horas reales según tamaño: estudio, departamento y casa. Tiempo día D y factores. Santiago. Cotiza tu mudanza.","138","903","fletes, mudanzas, Santiago, regiones Chile, fletes baratos, blog fletes","71","¿Cuánto tiempo dura una mudanza? Tiempos reales según el tamaño de tu hogar","75","Tabla de contenidos","19","¿Cuánto tiempo dura una mudanza? Tiempos reales según el tamaño de tu hogar","75","index, follow","","","https://fletespro.clundefined/","","","","","","73729","19042","19042","7,295","","1626","224","7,259","53,524","Bastante difícil","19,661","2","1","","34","4","0","3,420","227","101","0","2","2","0","","","","","c4ac06d62c4a506d3bc248e05475587a","0,176","Mon, 27 Apr 2026 18:16:17 GMT","","","","es-CL","1.1","","","","","","https://fletespro.cl/blog/cuanto-tiempo-dura-una-mudanza-tiempos-reales","2026-05-12 20:43:53"
"https://fletespro.cl/blog/transporte-en-frio-con-amplia-experiencia","text/html;charset=utf-8","200","OK","No indexable","Canonicalizada","Transporte en frío con amplia experiencia | Blog FletesPro | FletesPro","70","609","Servicio de transporte refrigerado en la Región Metropolitana y a regiones. Mantén la calidad de tus productos perecederos con nuestra flota especializada.","155","961","fletes, mudanzas, Santiago, regiones Chile, fletes baratos, blog fletes","71","Transporte en frío con amplia experiencia","41","Video: Transporte en frío FletesPro","35","Tabla de contenidos","19","index, follow","","","https://fletespro.clundefined/","","","","","","66992","16672","16672","6,387","","805","115","7,000","17,604","Muy difícil","16,448","2","1","","25","2","0","1,710","206","97","0","2","2","0","","","","","80ed7ebad9cbae6f6ccb9d4cc34a3c25","0,439","Mon, 27 Apr 2026 18:16:20 GMT","","","","es-CL","1.1","","","","","","https://fletespro.cl/blog/transporte-en-frio-con-amplia-experiencia","2026-05-12 20:43:53"
"https://fletespro.cl/blog/que-se-considera-una-mudanza","text/html;charset=utf-8","200","OK","No indexable","Canonicalizada","¿Qué se considera una mudanza? Definición y guía 2026 | Blog FletesPro | FletesPro","82","740","¿Qué se considera una mudanza? Te explicamos la definición, la diferencia con flete y cuándo necesitas salvoconducto. Guía clara para Chile.","140","875","fletes, mudanzas, Santiago, regiones Chile, fletes baratos, blog fletes","71","¿Qué se considera una mudanza? Definición y guía 2026","53","Tabla de contenidos","19","¿Qué se considera una mudanza?","30","index, follow","","","https://fletespro.clundefined/","","","","","","70570","18074","18074","6,924","","1342","221","6,072","36,830","Difícil","18,915","2","1","","38","10","0","8,550","223","99","0","2","2","0","","","","","daa4262ed8c5ce5b27a4352dfadb73a9","0,123","Mon, 27 Apr 2026 18:16:19 GMT","","","","es-CL","1.1","","","","","","https://fletespro.cl/blog/que-se-considera-una-mudanza","2026-05-12 20:43:54"
"https://fletespro.cl/blog/expertos-en-embalaje","text/html;charset=utf-8","200","OK","No indexable","Canonicalizada","Expertos en embalaje | Blog FletesPro | FletesPro","49","432","Servicio de embalaje profesional en Santiago y Región Metropolitana. Embalaje a domicilio, para mudanzas y productos frágiles. Precios competitivos.","148","928","fletes, mudanzas, Santiago, regiones Chile, fletes baratos, blog fletes","71","Expertos en embalaje","20","Tabla de contenidos","19","Expertos en embalaje","20","index, follow","","","https://fletespro.clundefined/","","","","","","64123","15879","15879","6,083","","666","106","6,283","11,696","Muy difícil","15,455","2","1","","20","3","0","2,560","200","97","0","2","2","0","","","","","6415ca4dadf95005a6e7e6ff1c001238","0,454","Mon, 27 Apr 2026 18:16:17 GMT","","","","es-CL","1.1","","","","","","https://fletespro.cl/blog/expertos-en-embalaje","2026-05-12 20:43:53"
"https://fletespro.cl/blog/mudanza-departamento-santiago-guia-completa-precios-2026","text/html;charset=utf-8","200","OK","No indexable","Canonicalizada","Mudanza de departamento en Santiago: guía completa y precios 2026 | Blog FletesPro | FletesPro","94","861","Guía completa de mudanza de departamento en Santiago 2026. Precios por tipo de depto, pasos y consejos. Cotiza en línea.","120","769","fletes, mudanzas, Santiago, regiones Chile, fletes baratos, blog fletes","71","Mudanza de departamento en Santiago: guía completa y precios 2026","65","Tabla de contenidos","19","Mudanza de departamento en Santiago: guía completa y precios 2026","65","index, follow","","","https://fletespro.clundefined/","","","","","","75844","19221","19221","7,363","","1562","250","6,248","45,809","Difícil","19,273","2","1","","31","5","0","4,270","251","104","0","2","2","0","","","","","b34a56961221856a5b4ace104646e7f1","0,207","Mon, 27 Apr 2026 18:16:19 GMT","","","","es-CL","1.1","","","","","","https://fletespro.cl/blog/mudanza-departamento-santiago-guia-completa-precios-2026","2026-05-12 20:43:54"
"https://fletespro.cl/blog/las-15-mejores-empresas-mudanzas-santiago","text/html;charset=utf-8","200","OK","No indexable","Canonicalizada","Las 15 mejores empresas de mudanzas en Santiago (2026) | Blog FletesPro | FletesPro","83","766","Las 15 mejores empresas de mudanzas en Santiago: criterios, opciones y cómo comparar. Precios transparentes, calculadora y servicio fines de semana.","148","947","fletes, mudanzas, Santiago, regiones Chile, fletes baratos, blog fletes","71","Las 15 mejores empresas de mudanzas en Santiago (2026)","54","Tabla de contenidos","19","Las 15 mejores empresas de mudanzas en Santiago (2026)","54","index, follow","","","https://fletespro.clundefined/","","","","","","76570","19396","19396","7,430","","1638","238","6,882","26,363","Muy difícil","20,709","2","1","","48","2","0","1,710","255","100","0","2","2","0","","","","","ee88261f347bf1382f6a0f035fecfaae","0,106","Mon, 27 Apr 2026 18:16:17 GMT","","","","es-CL","1.1","","","","","","https://fletespro.cl/blog/las-15-mejores-empresas-mudanzas-santiago","2026-05-12 20:43:54"
"https://fletespro.cl/blog/empresa-mudanzas-vs-hacerlo-solo-cuando-vale-la-pena-contratar","text/html;charset=utf-8","200","OK","No indexable","Canonicalizada","Empresa de mudanzas vs. hacerlo solo: ¿cuándo vale la pena contratar? | Blog FletesPro | FletesPro","98","877","Empresa de mudanzas vs hacerlo solo: cuándo vale la pena contratar. Ventajas, desventajas y situaciones para decidir. Cotiza en Santiago.","137","858","fletes, mudanzas, Santiago, regiones Chile, fletes baratos, blog fletes","71","Empresa de mudanzas vs. hacerlo solo: ¿cuándo vale la pena contratar?","69","Tabla de contenidos","19","Empresa de mudanzas vs. hacerlo solo: ¿cuándo vale la pena contratar?","69","index, follow","","","https://fletespro.clundefined/","","","","","","74058","19492","19492","7,467","","1739","251","6,928","40,819","Difícil","21,172","2","1","","33","6","0","5,130","227","98","0","2","2","0","","","","","e503bd6d9d6be8d8ec2ef9d5e63a574e","0,125","Mon, 27 Apr 2026 18:16:17 GMT","","","","es-CL","1.1","","","","","","https://fletespro.cl/blog/empresa-mudanzas-vs-hacerlo-solo-cuando-vale-la-pena-contratar","2026-05-12 20:43:54"
"https://fletespro.cl/blog/mudarse-con-ninos-santiago-organizar-mudanza","text/html;charset=utf-8","200","OK","No indexable","Canonicalizada","Mudarse con niños en Santiago: cómo organizar la mudanza para que no sea un trauma | Blog FletesPro | FletesPro","111","1017","Mudarse con niños en Santiago: cómo explicar la mudanza, organizar el día D y adaptarse después. Guía práctica para familias. Cotiza tu mudanza.","144","907","fletes, mudanzas, Santiago, regiones Chile, fletes baratos, blog fletes","71","Mudarse con niños en Santiago: cómo organizar la mudanza para que no sea un trauma","82","Tabla de contenidos","19","Mudarse con niños en Santiago: cómo organizar la mudanza para que no sea un trauma","82","index, follow","","","https://fletespro.clundefined/","","","","","","77604","20438","20438","7,829","","2123","291","7,296","52,187","Bastante difícil","22,391","2","1","","29","3","0","2,560","241","101","0","2","2","0","","","","","c9082cdecd3195482ea63ddae9fef637","0,501","Mon, 27 Apr 2026 18:16:19 GMT","","","","es-CL","1.1","","","","","","https://fletespro.cl/blog/mudarse-con-ninos-santiago-organizar-mudanza","2026-05-12 20:43:53"
"https://fletespro.cl/blog/mudanza-urgente-santiago-es-posible-menos-24-horas","text/html;charset=utf-8","200","OK","No indexable","Canonicalizada","Mudanza urgente en Santiago: ¿es posible mudarse en menos de 24 horas? | Blog FletesPro | FletesPro","99","909","Mudanza urgente en Santiago: sí es posible en menos de 24 horas. Qué preparar, salvoconducto y cómo cotizar. Cotiza mudanzas urgentes en Santiago. Presupuesto gratis.","166","1069","fletes, mudanzas, Santiago, regiones Chile, fletes baratos, blog fletes","71","Mudanza urgente en Santiago: ¿es posible mudarse en menos de 24 horas?","70","Tabla de contenidos","19","Mudanza urgente en Santiago: ¿es posible mudarse en menos de 24 horas?","70","index, follow","","","https://fletespro.clundefined/","","","","","","75059","19048","19048","7,297","","1745","238","7,332","36,011","Difícil","20,933","2","1","","29","3","0","2,560","241","100","0","2","2","0","","","","","8370fc681dfe68621b509f51a1863b53","0,295","Mon, 27 Apr 2026 18:16:19 GMT","","","","es-CL","1.1","","","","","","https://fletespro.cl/blog/mudanza-urgente-santiago-es-posible-menos-24-horas","2026-05-12 20:43:55"
"https://fletespro.cl/_nuxt/BodegajePageSections.PpjqVTdf.css","text/css; charset=utf-8","200","OK","Indexable","","","0","0","","0","0","","0","","0","","0","","0","","","","","","","","","","342","342","342","0,131","","0","","","","","0,000","2","1","","0","0","0","0,000","0","0","0","0","0","0","","","","","","0,102","Mon, 27 Apr 2026 18:16:30 GMT","","","","","1.1","","","","","","https://fletespro.cl/_nuxt/BodegajePageSections.PpjqVTdf.css","2026-05-12 20:43:55"
"https://fletespro.cl/blog/fletes-baratos","text/html;charset=utf-8","200","OK","No indexable","Canonicalizada","Fletes Baratos | Blog FletesPro | FletesPro","43","369","Tu solución confiable para fletes baratos, mudanzas y transporte en frío. Simplifica tus traslados con nuestra empresa especializada. Contamos con embalaje si lo requiere.","171","1064","fletes, mudanzas, Santiago, regiones Chile, fletes baratos, blog fletes","71","Fletes Baratos","14","Tabla de contenidos","19","Fletes Baratos","14","index, follow","","","https://fletespro.clundefined/","","","","","","64671","15805","15805","6,055","","582","98","5,939","20,414","Muy difícil","14,563","2","1","","29","6","0","5,130","207","96","0","2","2","0","","","","","cdbb654e32fc9938e2ffbdbfa4c854b9","0,197","Mon, 27 Apr 2026 18:16:17 GMT","","","","es-CL","1.1","","","","","","https://fletespro.cl/blog/fletes-baratos","2026-05-12 20:43:55"
"https://fletespro.cl/ejemplo-flete-sencillo.webp","image/webp","200","OK","Indexable","","","0","0","","0","0","","0","","0","","0","","0","","","","","","","","","","66922","66922","66922","25,637","","0","","","","","0,000","2","0","","0","0","0","0,000","0","0","0","0","0","0","","","","","","0,114","Mon, 27 Apr 2026 18:16:30 GMT","","","","","1.1","","","","","","https://fletespro.cl/ejemplo-flete-sencillo.webp","2026-05-12 20:43:55"
"https://fletespro.cl/blog/regla-cadena-frio-20-minutos","text/html;charset=utf-8","200","OK","No indexable","Canonicalizada","Regla cadena de frío 20 minutos: qué es y cómo aplicarla | Blog FletesPro | FletesPro","85","743","¿Existe la regla de los 20 minutos en la cadena de frío? Te explicamos qué es, cómo se relaciona con otros tiempos (30 s, 2 h) y cómo aplicarla en el transporte refrigerado.","173","1056","fletes, mudanzas, Santiago, regiones Chile, fletes baratos, blog fletes","71","Regla cadena de frío 20 minutos: qué es y cómo aplicarla","56","Tabla de contenidos","19","Regla cadena de frío 20 minutos: qué es y cómo aplicarla","56","index, follow","","","https://fletespro.clundefined/","","","","","","74864","19298","19298","7,393","","2002","251","7,976","51,936","Bastante difícil","22,489","2","1","","26","4","0","3,420","220","99","0","2","2","0","","","","","350db19fa0770e18f58ca7241053ddf2","0,150","Mon, 27 Apr 2026 18:16:19 GMT","","","","es-CL","1.1","","","","","","https://fletespro.cl/blog/regla-cadena-frio-20-minutos","2026-05-12 20:43:55"
"https://fletespro.cl/blog/por-que-se-llama-cadena-de-frio","text/html;charset=utf-8","200","OK","No indexable","Canonicalizada","¿Por qué se llama cadena de frío? Origen y significado | Blog FletesPro | FletesPro","83","717","Te explicamos por qué se llama cadena de frío: eslabones conectados y temperaturas constantes. Origen del término y qué implica en transporte refrigerado en Santiago.","166","1049","fletes, mudanzas, Santiago, regiones Chile, fletes baratos, blog fletes","71","¿Por qué se llama cadena de frío? Origen y significado","54","Tabla de contenidos","19","¿Por qué se llama cadena de frío?","33","index, follow","","","https://fletespro.clundefined/","","","","","","73657","19198","19198","7,354","","1743","244","7,143","39,121","Difícil","21,593","2","1","","34","9","0","7,690","227","100","0","2","2","0","","","","","c8d85098bbe204d39ecdb51656bda1f9","0,213","Mon, 27 Apr 2026 18:16:19 GMT","","","","es-CL","1.1","","","","","","https://fletespro.cl/blog/por-que-se-llama-cadena-de-frio","2026-05-12 20:43:55"
"https://fletespro.cl/blog/diferencia-cadena-frio-almacenamiento-frio","text/html;charset=utf-8","200","OK","No indexable","Canonicalizada","Diferencia entre cadena de frío y almacenamiento en frío | Guía | Blog FletesPro | FletesPro","92","795","Cadena de frío es el proceso completo; almacenamiento en frío es un eslabón. Te explicamos la diferencia, los eslabones y el rol del transporte refrigerado.","156","957","fletes, mudanzas, Santiago, regiones Chile, fletes baratos, blog fletes","71","Diferencia entre cadena de frío y almacenamiento en frío | Guía","63","Tabla de contenidos","19","Diferencia entre cadena de frío y almacenamiento en frío","56","index, follow","","","https://fletespro.clundefined/","","","","","","75050","19071","19071","7,306","","1637","236","6,936","37,623","Difícil","20,685","2","1","","31","6","0","5,130","220","100","0","2","2","0","","","","","3ef740b3bceec0c15d7b58489a027b23","0,120","Mon, 27 Apr 2026 18:16:17 GMT","","","","es-CL","1.1","","","","","","https://fletespro.cl/blog/diferencia-cadena-frio-almacenamiento-frio","2026-05-12 20:43:55"
"https://fletespro.cl/blog/que-temperatura-transporte-alimentos-refrigerados","text/html;charset=utf-8","200","OK","No indexable","Canonicalizada","¿Qué temperatura se utiliza para el transporte de alimentos refrigerados? | Blog FletesPro | FletesPro","102","885","Te explicamos qué temperatura se utiliza para el transporte de alimentos refrigerados: rangos por producto (0–5 °C, -18 °C) y qué exige la cadena de frío en Santiago.","166","1021","fletes, mudanzas, Santiago, regiones Chile, fletes baratos, blog fletes","71","¿Qué temperatura se utiliza para el transporte de alimentos refrigerados?","73","Tabla de contenidos","19","¿Qué temperatura se utiliza para el transporte de alimentos refrigerados?","73","index, follow","","","https://fletespro.clundefined/","","","","","","72731","18439","18439","7,064","","1545","203","7,611","47,925","Difícil","19,975","2","1","","28","5","0","4,270","222","100","0","2","2","0","","","","","604f65d3c59f5f04f8da64f81feec62a","0,298","Mon, 27 Apr 2026 18:16:19 GMT","","","","es-CL","1.1","","","","","","https://fletespro.cl/blog/que-temperatura-transporte-alimentos-refrigerados","2026-05-12 20:43:55"
"https://fletespro.cl/transporte-en-frio-santiago","text/html;charset=utf-8","200","OK","Indexable","","Empresa Transporte Frío | FletesPro","35","317","Empresa de transporte en frío en Santiago y Región Metropolitana. Transporte refrigerado, transporte frigorífico y logística de cadena frío. Transporte con temperatura controlada. Transporte de frios y congelados, transporte de alimentos frios. Precio transporte frío competitivo. Presupuesto gratis.","300","1840","transporte en frio, transporte frio, transporte refrigerado, cadena frío, transporte frigorífico, transporte temperatura controlada, transporte alimentos, transporte farmacéutico, logística frío, transporte frío local, transporte frio nacional, transporte frio internacional, transporte de frios y congelados, transporte frío particulares, envios temperatura controlada, envio paquete frio, empresas de transporte en frio, cadena de frio transporte, cadena de frio transporte en chile, transporte de frio en chile, transporte en frio santiago de chile, transporte de carga en frio, transporte de muestras en frio, importancia del transporte en la cadena de frio, como transportar medicamentos en frio, empresas de transportes y bodegaje en frio, transporte en frio desde santiago hacia arica, transporte en frio temuco, metodologias de transporte en cadena de frio, impacto del transporte en la cadena de frio, camion frio congelacion, camion isotermo con frio, contenedores para mantener frio, empresa transporte frio, empresas logistica frio, envio de paquetes frios, mensajeria en frio, precio transporte frio, transporte cadena de frio, transporte carga fria, transporte de alimentos frios, transporte de carga fria, transporte frio express, transportes refrigerados","1270","Transporte en Frío y Refrigerado","32","Calculadora de Transporte Frío","30","Transporte en frío: garantizando la seguridad de tus productos perecederos","74","index, follow","","","https://fletespro.cl/transporte-en-frio-santiago","","","","","","125058","21823","21823","8,360","","1262","292","4,322","19,238","Muy difícil","11,169","2","0","","130","9","0","7,690","175","95","0","2","2","0","","","","","a3c749378f8efbc4a7edec88aafaf9fc","0,194","Mon, 27 Apr 2026 18:16:24 GMT","","","","es-CL","1.1","","","","","","https://fletespro.cl/transporte-en-frio-santiago","2026-05-12 20:43:55"
"https://fletespro.cl/blog/cuantos-tipos-cadenas-frio-existen","text/html;charset=utf-8","200","OK","No indexable","Canonicalizada","¿Cuántos tipos de cadenas de frío existen? Guía por temperatura y sector | Blog FletesPro | FletesPro","101","887","Te explicamos cuántos tipos de cadenas de frío existen: por temperatura (refrigeración, congelación, ultrafría), por sector y qué implica en transporte refrigerado.","164","994","fletes, mudanzas, Santiago, regiones Chile, fletes baratos, blog fletes","71","¿Cuántos tipos de cadenas de frío existen? Guía por temperatura y sector","72","Tabla de contenidos","19","¿Cuántos tipos de cadenas de frío existen?","42","index, follow","","","https://fletespro.clundefined/","","","","","","74647","18983","18983","7,272","","1520","245","6,204","37,850","Difícil","20,030","2","1","","30","5","0","4,270","231","100","0","2","2","0","","","","","548e20bf716c0e26ca22c76a3319770e","0,185","Mon, 27 Apr 2026 18:16:17 GMT","","","","es-CL","1.1","","","","","","https://fletespro.cl/blog/cuantos-tipos-cadenas-frio-existen","2026-05-12 20:43:56"
"https://fletespro.cl/blog/transportes-cadena-frio-transporte-refrigerado-santiago","text/html;charset=utf-8","200","OK","No indexable","Canonicalizada","Transportes con cadena de frío y transporte refrigerado Santiago | Blog FletesPro | FletesPro","93","814","Transportes con cadena de frío y envíos refrigerados en Santiago. Qué son, qué exigen y cómo contratar transporte refrigerado en la RM y regiones.","146","911","fletes, mudanzas, Santiago, regiones Chile, fletes baratos, blog fletes","71","Transportes con cadena de frío y transporte refrigerado Santiago","64","Tabla de contenidos","19","Transportes con cadena de frío y transporte refrigerado Santiago","64","index, follow","","","https://fletespro.clundefined/","","","","","","73696","18703","18703","7,165","","1538","217","7,088","34,237","Difícil","20,308","2","1","","28","4","0","3,420","230","101","0","2","2","0","","","","","2aecdba80f690a0c702823676c5df7be","0,471","Mon, 27 Apr 2026 18:16:19 GMT","","","","es-CL","1.1","","","","","","https://fletespro.cl/blog/transportes-cadena-frio-transporte-refrigerado-santiago","2026-05-12 20:43:55"
"https://fletespro.cl/_ipx/_/images/blog/expertos-embalaje.jpeg","image/jpeg","200","OK","Indexable","","","0","0","","0","0","","0","","0","","0","","0","","","","","","","","","","3171","3171","3171","1,215","","0","","","","","0,000","3","4","","0","0","0","0,000","0","0","0","0","0","0","","","","","","0,106","Mon, 27 Apr 2026 18:16:28 GMT","","","","","1.1","","","","","","https://fletespro.cl/_ipx/_/images/blog/expertos-embalaje.jpeg","2026-05-12 20:43:56"
"https://fletespro.cl/blog/las-4-etapas-de-la-cadena-de-frio","text/html;charset=utf-8","200","OK","No indexable","Canonicalizada","¿Cuáles son las 4 etapas de la cadena de frío? Guía 2026 | Blog FletesPro | FletesPro","85","741","Te explicamos cuáles son las 4 etapas de la cadena de frío: producción, almacenamiento, transporte y distribución. Incluye el rol del transporte refrigerado en Santiago.","169","1035","fletes, mudanzas, Santiago, regiones Chile, fletes baratos, blog fletes","71","¿Cuáles son las 4 etapas de la cadena de frío? Guía 2026","56","Tabla de contenidos","19","¿Cuáles son las 4 etapas de la cadena de frío?","46","index, follow","","","https://fletespro.clundefined/","","","","","","72867","18836","18836","7,216","","1648","225","7,324","39,800","Difícil","21,035","2","1","","33","8","0","6,840","222","99","0","2","2","0","","","","","efda8e8e3dba05b6e598b412c5e143b8","0,139","Mon, 27 Apr 2026 18:16:17 GMT","","","","es-CL","1.1","","","","","","https://fletespro.cl/blog/las-4-etapas-de-la-cadena-de-frio","2026-05-12 20:43:56"
"https://fletespro.cl/reservar","text/html;charset=utf-8","200","OK","Indexable","","| FletesPro","11","94","Fletes Santiago económicos desde $27.000. Cotización online instantánea, calculadora de precios, mudanzas y transporte en RM. Servicio 24/7. WhatsApp +56979796841.","163","1067","","0","","0","Reserva tu flete","16","","0","index, follow","","","","","","","","","46565","11081","11081","4,245","","16","7","2,286","51,178","Bastante difícil","10,343","3","0","","4","2","0","1,710","174","95","0","2","2","0","","","","","dac5310d7402a0f7a31afb31f2555892","0,123","Mon, 27 Apr 2026 18:16:15 GMT","","","","es-CL","1.1","","","","","","https://fletespro.cl/reservar","2026-05-12 20:43:56"
"https://fletespro.cl/blog/que-se-requiere-para-el-salvoconducto-de-mudanza","text/html;charset=utf-8","200","OK","Indexable","","| FletesPro","11","94","Fletes Santiago económicos desde $27.000. Cotización online instantánea, calculadora de precios, mudanzas y transporte en RM. Servicio 24/7. WhatsApp +56979796841.","163","1067","","0","Artículo no encontrado","22","","0","","0","index, follow","","","","","","","","","49254","11719","11719","4,489","","19","7","2,714","57,143","Bastante difícil","9,930","3","1","","7","2","0","1,710","177","95","0","2","2","0","","","","","1ded07d6de0d80b723d9b228c9737f15","0,121","Mon, 27 Apr 2026 18:16:28 GMT","","","","es-CL","1.1","","","","","","https://fletespro.cl/blog/que-se-requiere-para-el-salvoconducto-de-mudanza","2026-05-12 20:43:56"
"https://fletespro.cl/mudanzas-vitacura","text/html;charset=utf-8","200","OK","Indexable","","Mudanzas Vitacura | Mudanzas en Vitacura, Permiso de mudanza y salvoconducto | FletesPro | FletesPro","100","927","Mudanzas en Vitacura y mudanzas Vitacura con cotización online. Permiso de mudanza Vitacura, permiso estacionamiento mudanza Vitacura, salvoconducto mudanza Vitacura y solicitud de permiso de mudanza Vitacura. Vitacura permiso para mudanzas: te orientamos. WhatsApp +56 9 7979 6841.","282","1855","mudanzas en vitacura, mudanzas vitacura, permiso de mudanza vitacura, permiso estacionamiento mudanza vitacura, salvoconducto mudanza vitacura, solicitud de permiso de mudanza vitacura, vitacura permiso para mudanzas, mudanzas vitacura precios","243","Mudanzas en Vitacura","20","Precios de mudanzas Vitacura","28","Rutas de mudanzas en Vitacura","29","index, follow","","","https://fletespro.cl/mudanzas-vitacura","","","","","","80524","17436","17436","6,679","","799","152","5,257","11,017","Muy difícil","12,718","3","0","","3","2","0","1,710","175","95","0","3","3","0","","","","","c4813de78b521dfffb9b23d0d2d52fb8","0,206","Mon, 27 Apr 2026 18:15:58 GMT","","","","es-CL","1.1","","","","","","https://fletespro.cl/mudanzas-vitacura","2026-05-12 20:43:56"
